0.7071067811865476 0.7071067811865475 1.2246467991473532e-16
0.7020822129431468 0.7120871111210394 -0.007074586672431028
0.6970137199175419 0.7170228903270474 -0.014149062690846325
0.691901616759401 0.7219138074766699 -0.021223317390520358
0.6867462192576148 0.7267595523185516 -0.028297240085248743
0.681547844356893 0.7315598156631771 -0.03537072005662019
0.6763068101747298 0.7363142893685476 -0.04244364654328661
0.6710234360187451 0.7410226663262414 -0.04951590873022078
0.6656980424043918 0.7456846404478632 -0.05658739573796996
0.6603309510730324 0.750299906651883 -0.06365799661189554
0.6549224850103817 0.7548681608508694 -0.07072760031140359
0.6494729684653137 0.7593890999391192 -0.07779609569916385
0.6439827269690317 0.7638624217806872 -0.08486337153031337
0.6384520873546007 0.7682878251978201 -0.09192931644164833
0.6328813777768384 0.7726650099597948 -0.09899381894079695
0.6272709277325665 0.7769936767721701 -0.10605676739538052
0.6216210680812179 0.7812735272664512 -0.11311805002215235
0.6159321310658001 0.7855042639901715 -0.12017755487612092
0.6102044503342144 0.7896855903973986 -0.127235169839651
0.6044383609609261 0.7938172108396642 -0.13429078261154823
0.5986341994689872 0.7978988305573265 -0.1413442806961181
0.5927923038524107 0.8019301556713666 -0.14839555139220448
0.5869130135988916 0.8059108931756245 -0.15544448178220402
0.580996669712877 0.80984075092948 -0.16249095872105665
0.5750436147389816 0.8137194376509819 -0.16953486882521324
0.5690541927857476 0.817546662910432 -0.17657609846157193
0.5630287495497481 0.8213221371244285 -0.1836145337363945
0.5569677696749711 0.8250454761820706 -0.19065010647559438
0.5508717647108214 0.828716284711406 -0.19768275897011703
0.5447410354109242 0.8323343176994606 -0.20471236327303263
0.5385758867442214 0.8358993272228009 -0.21173879159137793
0.5323766293460361 0.8394110616802897 -0.2187619167489816
0.526143579419578 0.8428692661027929 -0.2257816121378658
0.5198770586344433 0.8462736824514412 -0.23279775167021605
0.5135773940224961 0.8496240499045821 -0.23981020973092956
0.5072449178715103 0.8529201051335681 -0.24681886113073284
0.5008799676169419 0.8561615825675288 -0.253823581059882
0.49448288573218613 0.859348214647287 -0.260824245042444
0.48805401961766814 0.8624797320685798 -0.2678207288911565
0.4815937214891067 0.8655558640147581 -0.27481290866288155
0.4751023482652724 0.8685763383791388 -0.28180066061463777
0.4685802614555656 0.8715408819771916 -0.2887838611602304
0.4620278270477126 0.8744492207487519 -0.2957623868274644
0.4554454153958841 0.87730107995045 -0.30273611421595875
0.4488334011095204 0.8800961843385599 -0.3097049199555471
0.4421921629431397 0.882834258342468 -0.3166686806652797
0.43552208368740164 0.8855150262289765 -0.32362727291301663
0.42882355006167866 0.8881382122576519 -0.33058057317562406
0.42209695260838903 0.8907035408274403 -0.3375284577997638
0.41534268558932425 0.8932107366147729 -0.34447080296328375
0.4085611468842061 0.8956595247033887 -0.35140748463720695
0.4017527378916868 0.898049630706106 -0.35833837854832196
0.3949178634330058 0.9003807808787825 -0.36526336014237015
0.3880569316585002 0.9026527022266956 -0.3721823045478351
0.3811703539571629 0.9048651226035932 -0.3790950865403307
0.37425854486942395 0.9070177708036553 -0.3860015805075889
0.36732192200333047 0.909110376646617 -0.3929016604150481
0.36036090595428466 0.9111426710563043 -0.39979519977203615
0.35337592022849257 0.913114386132834 -0.4066820715985585
0.34636739117026555 0.9150252552187361 -0.41356214839267424
0.339335747893305 0.9168750129592538 -0.4204353020984789
0.3322814222161003 0.9186633953570801 -0.4273014040746737
0.3252048486015462 0.920390139821795 -0.43416032506373603
0.3181064641008876 0.9220549852142599 -0.44101193516167647
0.31098670830208863 0.9236576718862357 -0.4478561037883957
0.3038460232827083 0.9251979417154863 -0.45469269965862225
0.29668485356736085 0.9266755381366315 -0.4615215907534469
0.28950364608982765 0.9280902061680144 -0.4683426442924381
0.2823028501598794 0.9294416924348451 -0.47515572670634754
0.27508291743485647 0.9307297451888876 -0.48196070361039245
0.26784430189604685 0.9319541143249502 -0.4887574397781251
0.26058745982989334 0.9331145513944444 -0.4955457991158775
0.25331284981405233 0.9342108096162731 -0.5023256446377825
0.24602093270831402 0.9352426438853084 -0.5090968384413691
0.2387121716503927 0.9362098107787192 -0.5158592416837305
0.23138703205657699 0.9371120685604046 -0.5226127145582596
0.22404598162723208 0.9379491771837914 -0.5293571162719488
0.21668949035712887 0.9387208982932471 -0.536092305023256
0.20931803055056913 0.9394269952243597 -0.5428181379805278
0.20193207684126982 0.9400672330033367 -0.5495344712609816
0.19453210621696138 0.9406413783457652 -0.5562411599102383
0.18711859804863704 0.9411491996549795 -0.5629380578824087
0.17969203412440052 0.9415904670202743 -0.5696250180207226
0.17225289868783253 0.941964952215204 -0.5763018920387043
0.1648016784808005 0.9422724286961965 -0.582968530501886
0.15733886279062612 0.9425126716017146 -0.5896247828100544
0.14986494350151217 0.942685457752191 -0.5962704971800317
0.1423804151501311 0.9427905656509562 -0.6029055206289838
0.134885774985265 0.9428277754863774 -0.609529698958249
0.12738152303137795 0.9427968691354245 -0.6161428767376855
0.11986816215600224 0.942697630168864 -0.622744897290536
0.11234619814080424 0.9425298438582915 -0.6293356026787987
0.1048161397561941 0.9422932971851967 -0.6359148336891055
0.09727849883933674 0.941987778852254 -0.6424824298190951
0.08973379037541336 0.9416130792970279 -0.6490382292642877
0.08218253258197539 0.941168990708272 -0.6555820689054425
0.0746252469962315 0.9406553070450011 -0.6621137842964039
0.06706245856509674 0.9400718240585019 -0.6686332096524247
0.05949469573783139 0.9394183393174503 -0.6751401778389621
0.051922490561086936 0.9386946522362912 -0.6816345203609399
0.04434637877617795 0.9379005641070278 -0.6881160673524742
0.0367668999183849 0.9370358781345727 -0.6945846475670524
0.02918459741809471 0.9361003994757902 -0.7010400883681609
0.021600018703580318 0.9350939352823645 -0.7074822157203563
0.014013715305208209 0.9340162947476158 -0.7139108541807707
0.006426242960871673 0.9328672891573806 -0.7203258268910476
-0.0011618382775703511 0.9316467319450636 -0.7267269555696957
-0.008749963937062847 0.9303544387509626 -0.7331140605048619
-0.01633756501555661 0.9289902274859589 -0.7394869605475101
-0.02392406787386702 0.9275539183996598 -0.7458454731049957
-0.03150889412741795 0.9260453341530667 -0.7521894141350367
-0.03909146053810508 0.9244642998958399 -0.7585185981400652
-0.04667117890650858 0.9228106433482215 -0.7648328381619558
-0.05424745596470018 0.9210841948876639 -0.77113194577712
-0.06181969326987673 0.9192847876402107 -0.777415731091958
-0.06938728709906748 0.9174122575766627 -0.7836840027386617
-0.07694962834515724 0.9154664436135541 -0.7899365678713539
-0.08450610241447 0.9134471877189564 -0.7961732321625613
-0.0920560891261641 0.911354335023114 -0.8023937998000068
-0.09959896261368094 0.9091877339339145 -0.8085980734837108
-0.10713409122850036 0.9069472362571748 -0.8147858544233959
-0.11466083744645228 0.9046326973217291 -0.8209569423361767
-0.1221785577768288 0.902243976109283 -0.8271111354445322
-0.12968660267455445 0.8997809353889941 -0.8332482304745427
-0.13718431645565532 0.8972434418567298 -0.8393680226543866
-0.14467103721628038 0.8946313662789417 -0.845470305713074
-0.15214609675552068 0.8919445836410835 -0.8515548718794199
-0.1596088205022694 0.889182973300497 -0.8576215118812307
-0.1670585274463722 0.8863464191436693 -0.8636700149447004
-0.17449453007430357 0.8834348097477657 -0.8697001687939977
-0.18191613430961123 0.8804480385463246 -0.8757117596510331
-0.18932263945836625 0.8773860039989922 -0.8817045722353897
-0.1967133381598465 0.8742486097651668 -0.8876783897644076
-0.20408751634269048 0.8710357648814101 -0.8936329939533992
-0.21144445318673988 0.8677473839424708 -0.8995681650159897
-0.21878342109079524 0.8643833872857618 -0.9054836816645576
-0.22610368564650113 0.8609437011791111 -0.9113793211107696
-0.23340450561856896 0.85742825801161 -0.9172548590661753
-0.24068513293154592 0.8538369964873582 -0.9231100697428689
-0.2479448126633259 0.8501698618219025 -0.9289447258541821
-0.255182783045599 0.8464268059411586 -0.9347585986153879
-0.2623982754714177 0.8426077876825838 -0.9405514577444186
-0.2695905145100688 0.8387127729983722 -0.9463230714625473
-0.27675871792940965 0.8347417351604215 -0.9520732064950431
-0.2839020967258414 0.8306946549668206 -0.9578016280717546
-0.2910198551620617 0.8265715209495899 -0.9635080999276224
-0.2981111908127512 0.8223723295834032 -0.969192384303075
-0.3051752946183189 0.818097085495003 -0.97485424194431
-0.31221135094683855 0.8137458016730178 -0.9804934321034233
-0.31921853766428 0.8093184996778818 -0.9861097125383586
-0.3261960262131483 0.8048152098515391 -0.9917028395126718
-0.333142981699612 0.80023597152662 -0.997272567795061
-0.3400585629892026 0.7955808332347549 -1.0028186506586554
-0.3469419228111525 0.7908498529136936 -1.0083408398800269
-0.3537922078714208 0.7860430981128824 -1.0138388857379004
-0.36060855897444866 0.781160646197151 -1.0193125370115312
-0.36739011115366754 0.7762025845481473 -1.0247615409787234
-0.3741359938107707 0.7711690107631562 -1.0301856434134615
-0.3808453308637456 0.7660600328509306 -1.0355845885831159
-0.3875172409036445 0.7608757694241554 -1.0409581192452007
-0.39415083736005924 0.7556163498881631 -1.0463059766436458
-0.40074522867524504 0.750281914625512 -1.0516279005045492
-0.40729951848683016 0.7448726151760325 -1.0569236290313777
-0.41381280581901453 0.7393886144119493 -1.062192898899578
-0.42028418528216593 0.7338300867076716 -1.0674354452505637
-0.4267127472806792 0.7281972181038561 -1.0726510016850408
-0.43309757822896633 0.7224902064653324 -1.0778393002556286
-0.43943776077541014 0.716709261632485 -1.0830000714587447
-0.4457323740341084 0.7108546055656841 -1.0881330442257018
-0.45198049382420724 0.7049264724823542 -1.0932379459129848
-0.45818119291659937 0.698925108986275 -1.0983145022916625
-0.4643335412877562 0.6928507741887077 -1.1033624375358806
-0.47043660638042545 0.686703739820937 -1.1083814742104048
-0.4764894533709181 0.6804842903378308 -1.1133713332571527
-0.4824911454426777 0.674192723012014 -1.11833173398068
-0.48844074406580956 0.6678293480182648 -1.1232623940325568
-0.49433730928222125 0.6613944885077396 -1.1281630293945974
-0.5001798999960104 0.6548884806716447 -1.1330333543608782
-0.5059675742687009 0.6483116737939748 -1.1378730815184996
-0.5116993896189216 0.6416644302929521 -1.1426819217270294
-0.5173744033260882 0.6349471257507985 -1.1474595840965796
-0.522991672737628 0.6281601489314982 -1.1522057759644426
-0.5285502555792695 0.6213039017861978 -1.1569202028702508
-0.5340492102678902 0.6143787994459295 -1.161602568529566
-0.5394875962263955 0.6073852702013232 -1.1662525748058719
-0.5448644742000792 0.6003237554690208 -1.1708699216808716
-0.5501789065738936 0.5931947097444934 -1.175454307223043
-0.555429957690032 0.5859986005409924 -1.1800054275543783
-0.5606166941652033 0.5787359083143794 -1.1845229768152394
-0.5657381852069693 0.5714071263735965 -1.1890066471272456
-0.5707935029284623 0.5640127607765588 -1.193456128554141
-0.5757817226608206 0.5565533302112683 -1.1978711090605447
-0.5807019232626169 0.5490293658619793 -1.2022512744685125
-0.5855531874255633 0.5414414112602486 -1.2065963084118458
-0.5903346019757396 0.5337900221207568 -1.2109058922880294
-0.5950452581695748 0.5260757661617755 -1.2151797052077604
-0.5996842519837957 0.5182992229102195 -1.2194174239419378
-0.6042506843985267 0.5104609834912175 -1.2236187228660582
-0.6087436616727208 0.5025616504021844 -1.2277832739019057
-0.6131622956110646 0.4946018372714011 -1.231910746456453
-0.6175057038215024 0.486582168601132 -1.236000807357876
-0.6217730099624866 0.4785032794953576 -1.240053120788585
-0.6259633439790608 0.47036581537221767 -1.2440673482151694
-0.6300758423268608 0.46217043166130245 -1.248043148315157
-0.6341096481830951 0.45391779348596506 -1.2519801769004875
-0.6380639116435727 0.4456085753308632 -1.2558780868375743
-0.6419377899048034 0.43724346069497505 -1.2597365279638726
-0.6457304474302152 0.42882314173037706 -1.2635551470008155
-0.6494410560994924 0.4203483188671094 -1.267333587463018
-0.6530687953400507 0.4118197004244936 -1.2710714895636284
-0.6566128522396375 0.4032380022093205 -1.274768490115698
-0.6600724216390507 0.3946039471013497 -1.2784242224294633
-0.6634467062039567 0.38591826462663065 -1.2820383162053943
-0.6667349164747743 0.37718169051919 -1.285610397422892
-0.6699362708936047 0.3683949662716646 -1.2891400882245028
-0.6730499958071573 0.3595588386755411 -1.292627006795513
-0.6760753254446502 0.3506740593516703 -1.2960707672387823
-0.6790115018696312 0.3417413842718195 -1.2994709794446793
-0.6818577749046871 0.33276157327203176 -1.3028272489559791
-0.6846134020280035 0.3237353895586576 -1.3061391768275652
-0.6872776482407325 0.31466359920794695 -1.309406359480797
-0.6898494130216564 0.30554764569815346 -1.3126285438950225
-0.692326769727467 0.2963905531327382 -1.3158058883169665
-0.6947089688714047 0.2871933144025302 -1.3189381315772462
-0.6969953457876406 0.27795679926383937 -1.322024970555956
-0.6991852237012413 0.268681932041649 -1.325066100014957
-0.701277917912838 0.25936968861392595 -1.3280612131617275
-0.7032727396671228 0.25002109342795187 -1.3310100021896012
-0.7051689997172204 0.2406372165576899 -1.333912158794847
-0.7069660115970322 0.23121917081063606 -1.3367673746710411
-0.7086630946136818 0.22176810889204288 -1.339575341981192
-0.7102595765722245 0.2122852206338183 -1.3423357538081082
-0.7117547962448166 0.20277173029487708 -1.3450483045834762
-0.713148105596557 0.19322889393915246 -1.3477126904961514
-0.7144388717802126 0.18365799689694065 -1.3503286098801581
-0.7156264789120442 0.1740603513147162 -1.3528957635829113
-0.7167103296409167 0.1644372937979934 -1.3554138553141633
-0.7176898465228381 0.15479018315130635 -1.3578825919762136
-0.718564473213016 0.14512039821881528 -1.3603016839758941
-0.7193336754874344 0.13542933582853467 -1.3626708455188734
-0.7199969421058634 0.12571840884264918 -1.3649897948868022
-0.7205537855280736 0.11598904431585037 -1.3672582546978587
-0.7210037424949023 0.1062426817631254 -1.3694759521512219
-0.7213463744856339 0.09648077153790328 -1.3716426192560256
-0.7215812680629738 0.08670477332096627 -1.3737579930453405
-0.7217080351166778 0.0769161547200463 -1.3758218157757292
-0.7217263130166574 0.06711638997951667 -1.3778338351129273
-0.7216357646861274 0.05730695879914573 -1.3797938043041955
-0.7214360786050713 0.047489345260390226 -1.3817014823378844
-0.7211269687539917 0.03766503685826363 -1.38355663409077
-0.7207081745075951 0.02783552363638999 -1.3853590304636816
-0.7201794604876968 0.01800229742241394 -1.3871084485059773
-0.719540616384272 0.008166851160554755 -1.3888046715293887
-0.7187914567531823 -0.0016693216623147695 -1.3904474892117658
-0.7179318207987035 -0.011504727501028874 -1.3920366976912433
-0.7169615721485488 -0.02133787315125237 -1.3935720996513419
-0.7158805986286391 -0.031167266068022063 -1.3950535043975145
-0.7146888120444161 -0.04099141460864353 -1.3964807279256288
-0.7133861479750124 -0.05080882820519066 -1.3978535929828835
-0.7119725655861103 -0.06061801747209132 -1.399171929121629
-0.7104480474668147 -0.07041749425452314 -1.400435572746572
-0.7088125994953572 -0.08020577162356192 -1.4016443671558108
-0.7070662507379211 -0.08998136382419318 -1.4027981625761528
-0.7052090533843454 -0.09974278618246994 -1.4038968161931469
-0.703241082723928 -0.10948855497822303 -1.4049401921762479
-0.7011624371639925 -0.11921718728983002 -1.4059281616995256
-0.6989732382933417 -0.1289272008176467 -1.4068606029582968
-0.6966736309921475 -0.13861711369272048 -1.407737401182076
-0.6942637835892811 -0.14828544427746335 -1.408558448644189
-0.6917438880675104 -0.15793071096492287 -1.4093236446684028
-0.689114160316438 -0.1675514319832716 -1.4100328956329007
-0.6863748404324795 -0.1771461252120687 -1.4106861149719143
-0.6835261930646305 -0.18671330801674274 -1.4112832231753036
-0.6805685078042024 -0.1962514971076332 -1.411824147786365
-0.6775020996161547 -0.20575920842977635 -1.4123088233981318
-0.6743273093091119 -0.21523495708942195 -1.4127371916483944
-0.6710445040405946 -0.22467725732308652 -1.4131092012136754
-0.6676540778534764 -0.2340846225146796 -1.4134248078023592
-0.6641564522391481 -0.24345556526599643 -1.4136839741471532
-0.6605520767223568 -0.25278859752556054 -1.4138866699970571
-0.6568414294621938 -0.2620822307804745 -1.4140328721089788
-0.653025017863217 -0.2713349763156036 -1.41412256423912
-0.6491033791902175 -0.28054534554401583 -1.4141557371342512
-0.6450770811797056 -0.2897118504122148 -1.4141323885229444
-0.6409467226407286 -0.2988330038832696 -1.414052523106848
-0.6367129340372519 -0.307907320500478 -1.4139161525520387
-0.6323763780439084 -0.3169333170337488 -1.4137232954804884
-0.6279377500665787 -0.32590951321035844 -1.4134739774616443
-0.6233977787188953 -0.3348344325312372 -1.4131682310041245
-0.6187572262454616 -0.34370660317339036 -1.4128060955474848
-0.6140168888822656 -0.3525245589784949 -1.4123876174540206
-0.6091775971445108 -0.3612868405271439 -1.4119128500005291
-0.6042402160318483 -0.369991996297608 -1.4113818533699463
-0.5992056451407792 -0.3786385839073779 -1.4107946946427579
-0.5940748186738232 -0.3872251714351381 -1.4101514477880623
-0.5888487053349089 -0.39575033882017707 -1.40945219365414
-0.5835283081003162 -0.4042126793356151 -1.4086970199583806
-0.5781146638544337 -0.4126108011311726 -1.4078860212763917
-0.5726088428795352 -0.42094332884056224 -1.4070192990300967
-0.5670119481887798 -0.42920890524792604 -1.4060969614746222
-0.561325114691655 -0.4374061930070857 -1.4051191236837515
-0.5555495081811297 -0.4455338764067402 -1.404085907533707
-0.5496863241318963 -0.4535906631740629 -1.4029974416850197
-0.5437367862991773 -0.4615752863085521 -1.4018538615622114
-0.5377021451077492 -0.46948650593731295 -1.4006553093310268
-0.5315836758210136 -0.4773231111823575 -1.399401933872916
-0.5253826764801691 -0.4850839220298805 -1.3980938907564724
-0.5191004656037888 -0.49276779119086506 -1.3967313422055165
-0.5127383796383831 -0.5003736059418059 -1.395314457063496
-0.5062977701508427 -0.5079002899337426 -1.3938434107538835
-0.4997800007539798 -0.5153468049572602 -1.3923183852362153
-0.4931864437567461 -0.5227121526505719 -1.3907395689574364
-0.48651847653109753 -0.5299953761372597 -1.3891071567981852
-0.4797774775878477 -0.537195561579777 -1.387421350013658
-0.4729648223543069 -0.5443118396342871 -1.3856823561686813
-0.466081878646901 -0.5513433867919643 -1.3838903890666225
-0.45913000183244235 -0.558289426591403 -1.3820456686717466
-0.45211052967217197 -0.565149230686323 -1.3801484210246453
-0.4450247768431572 -0.571922119752314 -1.3781988781503458
-0.43787402913212753 -0.5786074642159021 -1.3761972779587095
-0.4306595372972935 -0.585204684788772 -1.3741438641367287
-0.4233825105941956 -0.5917132527895153 -1.3720388860323267
-0.4160441099621317 -0.5981326902347759 -1.3698825985292713
-0.4086454408681832 -0.6044625696811872 -1.3676752619128036
-0.4011875458063895 -0.610702513798923 -1.3654171417255936
-0.3936713964501026 -0.6168521946571222 -1.3631085086136292
-0.38609788545605983 -0.6229113327008023 -1.3607496381616564
-0.3784678179192482 -0.6288796953981634 -1.3583408107177757
-0.37078190247811604 -0.6347570955364089 -1.3558823112068261
-0.36304074207025283 -0.6405433891433192 -1.3533744289321719
-0.3552448243391964 -0.646238473010815 -1.350817457365522
-0.34739451169357977 -0.6518422817956343 -1.3482116939244226
-0.3394900310204669 -0.6573547846709484 -1.3455574397370533
-0.33153146305533127 -0.662775981501318 -1.3428549993939867
-0.32352224795460527 -0.6681042260880925 -1.340104620037749
-0.31546717103815497 -0.6733374066607276 -1.3373065479366941
-0.3073675195236047 -0.6784752022916278 -1.334461101444686
-0.2992245826212476 -0.6835173122666542 -1.3315685982883634
-0.2910396546725267 -0.6884634545448184 -1.3286293556358164
-0.2828140341656082 -0.6933133661735775 -1.3256436902335968
-0.27454902276115034 -0.6980668036361194 -1.322611918534154
-0.2662459243312063 -0.7027235431334238 -1.31953435681384
-0.2579060440140021 -0.7072833808039237 -1.3164113212816415
-0.24953068728714134 -0.7117461328836413 -1.313243128178768
-0.24112115906162465 -0.7161116358096713 -1.3100300938692595
-0.23267876279889033 -0.7203797462699228 -1.306772534921758
-0.22420479965289575 -0.7245503412020298 -1.303470768182589
-0.21570056763910733 -0.7286233177443467 -1.3001251108403185
-0.20716736083206733 -0.7325985931419473 -1.296735880481936
-0.19860646859307635 -0.7364761046105267 -1.2933033951408182
-0.19001917482931882 -0.7402558091610987 -1.289827973336649
-0.18140675728563432 -0.7439376833883552 -1.2863099341074502
-0.1727704868699683 -0.7475217232255222 -1.2827495970339027
-0.16411162701335577 -0.751007943668523 -1.2791472822561223
-0.15543143306518495 -0.7543963784722055 -1.2755033104830793
-0.14673115172429488 -0.7576870798213599 -1.2718180029948345
-0.13801202050633887 -0.7608801179791871 -1.2680916816377847
-0.12927526724771518 -0.7639755809158347 -1.2643246688131093
-0.1205221096461924 -0.7669735739195505 -1.26051728745861
-0.11175375483827249 -0.7698742191929345 -1.2566698610241542
-0.10297139901317111 -0.7726776554367116 -1.2527827134409169
-0.0941762270631803 -0.7753840374233604 -1.2488561690846443
-0.08536941227007945 -0.7779935355628607 -1.2448905527331489
-0.07655211602711579 -0.780506335462743 -1.240886189518267
-0.06772548759599636 -0.7829226374845326 -1.2368434048724966
-0.058890663898202876 -0.7852426562985941 -1.2327625244705596
-0.0500487693398666 -0.7874666204392915 -1.2286438741661239
-0.04120091566932989 -0.7895947718622838 -1.2244877799239269
-0.03234820186644069 -0.7916273655056751 -1.2202945677475616
-0.023491714062535616 -0.7935646688566464 -1.216064563603175
-0.014632525489997399 -0.7954069615250859 -1.2117980933393402
-0.005771696460188285 -0.7971545348256402 -1.2074954826033735
0.0030897256314930603 -0.7988076913694914 -1.20315705675438
0.011950706274764186 -0.8003667446670744 -1.1987831407732834
0.020810223789197196 -0.801832018742826 -1.1943740591701544
0.029667269245981183 -0.8032038477629576 -1.1899301358891055
0.03852084636819762 -0.8044825756771287 -1.1854516942110642
0.04736997141112015 -0.8056685558747926 -1.1809390566547215
0.05621367302413141 -0.8067621508568704 -1.1763925448759565
0.06505099209582145 -0.8077637319233008 -1.1718124795660632
0.07388098158392936 -0.8086736788768984 -1.1671991803490918
0.08270270633175698 -0.8094923797438524 -1.1625529656786187
0.0915152428727322 -0.8102202305110666 -1.1578741527342924
0.10031767922481012 -0.8108576348804564 -1.1531630573184704
0.10910911467640033 -0.8114050040401842 -1.1484199937532973
0.1178886595655246 -0.8118627564527227 -1.1436452747785582
0.12665543505390778 -0.8122313176595171 -1.1388392114506596
0.13540857289768912 -0.8125111201019097 -1.1340021130430953
0.14414721521645618 -0.8127026029578931 -1.1291342869487326
0.15287051426226717 -0.8128062119941374 -1.1242360385843027
0.1615776321903269 -0.8128223994326434 -1.1193076712974455
0.17026774083295973 -0.8127516238312701 -1.1143494862766774
0.1789400214784827 -0.8125943499772746 -1.1093617824646576
0.18759366465658311 -0.8123510487929146 -1.104344856475123
0.19622786993173325 -0.8120221972520557 -1.0992990025138718
0.20484184570618452 -0.8116082783066308 -1.09422451230418
0.21343480903399714 -0.8111097808217131 -1.0891216750170267
0.22200598544755074 -0.8105271995178579 -1.083990777206523
0.23055460879792872 -0.8098610349192858 -1.0788321027509282
0.23907992111049936 -0.8091117933063943 -1.0736459327996508
0.24758117245698796 -0.8082799866709898 -1.0684325457266224
0.2560576208452622 -0.8073661326725559 -1.0631922170904462
0.2645085321280006 -0.8063707545937904 -1.05792521960171
0.27293317993133953 -0.8052943812935591 -1.0526318230978782
0.2813308456045463 -0.804137547155351 -1.0473122945261484
0.28970081819167187 -0.8029007920292317 -1.0419668979346863
0.2980423944260986 -0.8015846611652302 -1.0365958944726361
0.30635487874878753 -0.8001897051360232 -1.031199542399316
0.3146375833509748 -0.7987164797467177 -1.0257780971030133
0.3228898282419952 -0.7971655459294651 -1.0203318111297572
0.3311109413427996 -0.7955374696205922 -1.0148609342225179
0.3393002586056744 -0.7938328216178654 -1.009365713371206
0.3474571241605906 -0.7920521774154587 -1.0038463928738945
0.35558089048848734 -0.7901961170141503 -0.9983032144096778
0.3636709186217476 -0.7882652247042127 -0.9927364171235612
0.3717265783720027 -0.7862600888184389 -0.9871462377238012
0.3797472485853289 -0.7841813014526835 -0.9815329105920965
0.3877323174247914 -0.7820294581512779 -0.9758966679070478
0.39568118268020164 -0.7798051575546463 -0.9702377397812767
0.40359325210486513 -0.7775090010064031 -0.9645563544126264
0.4114679437789786 -0.7751415921172066 -0.9588527382498344
0.4193046864992588 -0.7727035362826072 -0.9531271161730985
0.42710292019427737 -0.7701954401521115 -0.9473797116899139
0.43486209636486967 -0.7676179110466698 -0.941610747146607
0.4425816785488867 -0.7649715563217827 -0.9358204439559535
0.45026114280946633 -0.7622569826734075 -0.9300090228412755
0.4578999782458881 -0.7594747953838384 -0.9241767040974185
0.46549768752597254 -0.7566255975047383 -0.9183237078690062
0.47305378743887294 -0.7537099889744955 -0.9124502544463525
0.48056780946703864 -0.7507285656670704 -0.9065565645794315
0.4880393003759638 -0.7476819183695216 -0.9006428598102841
0.49546782282027724 -0.7445706316853962 -0.8947093628242514
0.5028529559646026 -0.741395282861174 -0.8887562978204124
0.5101942961175031 -0.7381564405329837 -0.8827838909015987
0.517491457376716 -0.7348546633908098 -0.8767923704843741
0.5247440722837735 -0.7314904987574317 -0.8707819677293409
0.5319517924859904 -0.728064481079347 -0.8647529169921383
0.5391142894036638 -0.7245771303269688 -0.8587054562955044
0.546231254900233 -0.7210289503013799 -0.852639827822761
0.5533024019530025 -0.7174204268449742 -0.8465562784330716
0.5603274653219076 -0.7137520259533238 -0.8404550601988238
0.5673062022136661 -0.7100241917856365 -0.8343364309654961
0.5742383929385151 -0.7062373445711972 -0.8282006549343359
0.5811238415565972 -0.702391878409196 -0.8220480032681889
0.5879623765108836 -0.6984881589593872 -0.815878754720822
0.5947538512433629 -0.6945265210210374 -0.8096931962900569
0.6014980940855951 -0.6905073160505771 -0.8034916036699448
0.6081939842750198 -0.6864318403478807 -0.7972738702561335
0.6148408434704232 -0.68230099247022 -0.7910400568232465
0.6214383399721723 -0.6781153392848487 -0.7847903573292045
0.6279861485647205 -0.6738754464185585 -0.7785249640828156
0.6344839503995521 -0.669581878215748 -0.7722440677673087
0.6409314328796168 -0.6652351976997285 -0.7659478574636379
0.6473282895453113 -0.6608359665371479 -0.7596365206735526
0.6536742199620657 -0.6563847450054142 -0.7533102433424423
0.659968929609576 -0.6518820919630124 -0.7469692098819529
0.6662121297727425 -0.647328564822588 -0.7406136031923666
0.6724035374343358 -0.6427247195267001 -0.7342436046847579
0.6785428751694426 -0.6380711105261175 -0.7278593943029198
0.6846298710417141 -0.6333682907605629 -0.7214611505450561
0.6906642585014474 -0.6286168116417843 -0.7150490504852469
0.6966457762855247 -0.6238172230388577 -0.7086232697946818
0.7025741683192235 -0.6189700732656158 -0.7021839827626651
0.7084491836199314 -0.6140759090700859 -0.6957313623173832
0.7142705762027554 -0.6091352756258597 -0.6892655800464489
0.7200381049880509 -0.6041487165252792 -0.6827868062172098
0.7257515337108748 -0.5991167737743458 -0.6762952097968236
0.7314106308323594 -0.594039987789261 -0.6697909584721036
0.737015169453007 -0.588918897394512 -0.6632742186691339
0.7425649272279176 -0.5837540398223918 -0.6567451555726465
0.7480596862839173 -0.5785459507138951 -0.6502039331451708
0.7534992331386057 -0.573295164120879 -0.6436507141459491
0.7588833586212886 -0.5680022125094251 -0.6370856601496239
0.7642118577958029 -0.5626676267643069 -0.6305089315646841
0.7694845298852031 -0.5572919361944948 -0.6239206876516884
0.7747011781982944 -0.5518756685396223 -0.6173210865412565
0.7798616100580006 -0.5464193499773338 -0.6107102852518238
0.7849656367315343 -0.5409235051314519 -0.6040884397071707
0.7900130733623512 -0.5353886570808906 -0.5974557047537263
0.7950037389038632 -0.529815327369251 -0.5908122341776331
0.7999374560548836 -0.5242040360150336 -0.5841581807215936
0.8048140511967687 -0.5185553015224177 -0.5774936961014873
0.8096333543322383 -0.5128696408925324 -0.5708189310227652
0.8143951990258327 -0.5071475696351815 -0.5641340351966133
0.8190994223459825 -0.5013896017809536 -0.5574391573559017
0.8237458648086472 -0.49559624989368967 -0.5507344452709139
0.8283343703225012 -0.4897680250832312 -0.5440200457648483
0.832864786135623 -0.4839054370184258 -0.537296104729112
0.8373369627836502 -0.47800899394034774 -0.5305627671383992
0.8417507540393725 -0.47207920267567544 -0.5238201770655508
0.8461060168637196 -0.4661165686502057 -0.5170684776962111
0.8504026113581016 -0.460121595902465 -0.5103078113432729
0.8546404007180732 -0.45409478709738355 -0.5035383194611235
0.8588192511882782 -0.4480366435399995 -0.49676014265968005
0.8629390320186358 -0.4419476651891692 -0.4899734207182337
0.8669996154217283 -0.4358283506712596 -0.48317829259909667
0.871000876531356 -0.4296791972937944 -0.4763748964610543
0.8749426933622145 -0.42350070105903614 -0.4695633696726304
0.8788249467706593 -0.4172933566774878 -0.46274384882516967
0.8826475204165208 -0.4110576575812865 -0.45591646974573335
0.8864103007259244 -0.40479409593749405 -0.44908136750982236
0.8901131768550845 -0.39850316266125124 -0.442238676453923
0.8937560406550284 -0.3921853474288067 -0.43538853018789225
0.8973387866372247 -0.38584113869038505 -0.42853106160716326
0.9008613119400604 -0.37947102368292107 -0.421666402904805
0.9043235162961487 -0.3730754884426295 -0.41479468558342275
0.9077253020004223 -0.36665501781742155 -0.4079160404668997
0.9110665738789806 -0.3602100954791578 -0.401030597712005
0.9143472392586528 -0.35374120393575725 -0.39413848681985364
0.9175672079372517 -0.34724882454314 -0.3872398366472324
0.9207263921544773 -0.34073343751703195 -0.3803347754177977
0.9238247065634442 -0.33419552194462165 -0.37342343073314554
0.9268620682027998 -0.32763555579609 -0.3665059295837693
0.9298383964694071 -0.3210540159360079 -0.3595823983598938
0.9327536130915581 -0.31445137813463214 -0.35265296286221365
0.9356076421026975 -0.3078281170790936 -0.34571774831252366
0.938400409815627 -0.3011847063845 -0.3387768793642552
0.9411318447971639 -0.2945216186049734 -0.331830480112924
0.9438018778432361 -0.287839325244627 -0.3248786741064976
0.9464104419543838 -0.2811382967685128 -0.317921584355687
0.9489574723116553 -0.2744190026135445 -0.310959333344163
0.9514429062528703 -0.2676819111994284 -0.3039920430387161
0.9538666832492363 -0.26092748993961934 -0.297019834899362
0.9562287448823024 -0.25415620525231153 -0.29004282988939095
0.9585290348212315 -0.24736852257151193 -0.2830611484853792
0.9607674988003801 -0.24056490635819916 -0.27607491068717044
0.962944084597174 -0.23374582011159525 -0.26908423602781684
0.9650587420102662 -0.22691172638058574 -0.26208924358351393
0.9671114228379727 -0.2200630867753029 -0.2550900519835108
0.9691020808569715 -0.21320036197890951 -0.24808677942002397
0.9710306718012681 -0.2063240117595941 -0.24107954365814332
0.9728971533414166 -0.1994344949828187 -0.2340684620457551
0.9747014850639928 -0.19253226962384973 -0.22705365152347776
0.9764436284513269 -0.18561779278057983 -0.22003522863462308
0.9781235468614863 -0.17869152068669178 -0.21301330953518735
0.9797412055085162 -0.17175390872518362 -0.20598801000388978
0.9812965714429435 -0.16480541144227542 -0.1989594454522453
0.9827896135325447 -0.15784648256174405 -0.19192773093470725
0.9842203024433896 -0.15087757499969962 -0.1848929811588614
0.985588610621167 -0.14389914087984296 -0.1778553104957029
0.9868945122728074 -0.1369116315492187 -0.1708148329899785
0.9881379833484094 -0.12991549759450893 -0.16377166237062712
0.9893190015234881 -0.1229111888588906 -0.156725912061314
0.990437546181562 -0.11589915445946639 -0.14967769519106092
0.991493598397092 -0.10887984280533335 -0.14262712460499388
0.9924871409187962 -0.10185370161627468 -0.1355743128752105
0.9934181581533595 -0.09482117794213527 -0.12851937231176824
0.9942866361495596 -0.08778271818288229 -0.12146241497381377
0.9950925625828373 -0.08073876810939028 -0.11440355268085271
0.9958359267403316 -0.07368977288497582 -0.10734289702417223
0.9965167195064144 -0.06663617708769033 -0.10028055937841993
0.9971349333487471 -0.059578424733407895 -0.09321665091334935
0.9976905623048944 -0.05251695929973283 -0.08615128260574795
0.9981836019695262 -0.045452223750730394 -0.0790845652515359
0.9986140494822421 -0.038384660562512586 -0.07201660947806365
0.9989819035160528 -0.031314711749708915 -0.06494752575660902
0.9992871642665586 -0.024242818892803 -0.057877424415072945
0.999529833441859 -0.017169423166398714 -0.050806415650897094
0.9997099142532373 -0.010094965368389688 -0.04373460954419553
0.9998274114066614 -0.0030198859500766896 -0.03666211607112622
0.9998823310951399 0.0040553749527832954 -0.029589045117486952
0.9998746809919837 0.011130377487958809 -0.022515506492561663
0.9998044702450133 0.018204682053765187 -0.015441609943223028
0.9996717094717619 0.025277849265114147 -0.008367465168283355
0.999476410755722 0.032349439918579755 -0.001293181833119017
0.9992185876436849 0.03941901495648371 0.005781130415430374
0.9988982551442218 0.04648613542999847 0.012855361933891392
0.9985154297273623 0.053550362461261866 0.019929403066687636
0.9980701293255188 0.060611257204505255 0.02700314413038572
0.9975623733357151 0.06766838080620889 0.034076475397631215
0.9969921826231701 0.0747212943642783 0.04114928708078758
0.9963595795262957 0.08176955888625469 0.04822146931525182
0.9956645878631644 0.0888127352465678 0.055292912142453035
0.9949072329395031 0.09585038414285266 0.06236350549252417
0.9940875415582762 0.10288206605132369 0.06943313916664284
0.9932055420309116 0.10990734118124494 0.07650170281902474
0.9922612641902325 0.11692576942851027 0.08356908593858459
0.991254739405157 0.12393691032833928 0.09063517783023456
0.9901860005972236 0.13094032300714062 0.09769986759583392
0.9890550822590073 0.13793556613353883 0.10476304411477148
0.9878620204744851 0.14492219786863123 0.11182459602418648
0.9866068529414177 0.151899775815466 0.11888441169881288
0.9852896189958066 0.15886785696780184 0.1259423792304434
0.9839103596384916 0.16582599765819606 0.13299838640702294
0.9824691175639517 0.17277375350542218 0.14005232069134238
0.9809659371913723 0.17971067936130375 0.14710406919934502
0.9794008646980414 0.18663632925698895 0.15415351867804308
0.9777739480551426 0.19355025634870723 0.16120055548302561
0.9760852370659987 0.20045201286308845 0.16824506555557
0.9743347834068393 0.20734115004206993 0.1752869343993393
0.9725226406701489 0.21421721808746397 0.18232604705667518
0.970648864410657 0.22107976610525762 0.18936228808447259
0.9687135121940366 0.22792834204967768 0.1963955415296331
0.9667166436483657 0.23476249266713153 0.20342569090410867
0.96465832051842 0.2415817634400548 0.21045261915951263
0.962538606722847 0.24838569853076659 0.2174762086613028
0.9603575684142882 0.25517384072540183 0.22449634116254874
0.9581152740425034 0.26194573137799565 0.2315128977772557
0.9558117944205506 0.26870091035482047 0.23852575895326444
0.9534472027940855 0.2754389159790403 0.24553480444470904
0.9510215749138222 0.28215928497579906 0.25253991328405223
0.9485349891112198 0.2888615524178186 0.2595409637536697
0.9459875263774374 0.2955452516716104 0.26653783335700404
0.9433792704456079 0.30220991434441163 0.2735303987892821
0.9407103078764829 0.3088550702319298 0.28051853590778925
0.9379807281474872 0.3154802472670301 0.28750211970170436
0.9351906237452311 0.322084971469456 0.2944810242614971
0.9323400902615199 0.3286687668967119 0.30145512274788583
0.9294292264928973 0.33523115559622213 0.3084242873603578
0.926458129286042 0.34177166833063494 0.3153884043924378
0.923426871395873 0.3482898918010323 0.32234741787863
0.9203355402728399 0.35478538818408367 0.3293012094831646
0.9171842286073378 0.3612577110174412 0.33624965144607466
0.9139730316049297 0.3677064108253352 0.34319261610264257
0.9107020470324235 0.37413103524962127 0.35012997583183436
0.9073713752608025 0.3805311291760897 0.35706160300592427
0.9039811193052297 0.38690623485603015 0.36398736994129094
0.9005313848623252 0.3932558920230728 0.3709071488503829
0.8970222803449335 0.3995796380053034 0.3778208117948313
0.8934539169145803 0.40587700783267594 0.3847282306396977
0.8898264085118175 0.4121475343397553 0.3916292770088586
0.8861398718846574 0.4183907482638097 0.3985238222414941
0.882394426615291 0.424606178338293 0.4054117373496801
0.8785901951452786 0.4307933513817624 0.4122928929770709
0.8747273027994008 0.4369517923822775 0.4191671593586516
0.8708058778083574 0.4430810245773312 0.426034406281552
0.8668260513304948 0.4491805695293658 0.4328945030469055
0.8627879574727316 0.45524994719695994 0.4397473184327427
0.8586917333108667 0.4612886760017234 0.4465927206579012
0.8545375189094333 0.467296272890996 0.45343057734693426
0.8503254573412631 0.47327225339642565 0.4602607554960173
0.846055694706928 0.47921613168849675 0.4670831214398176
0.8417283801542128 0.4851274206271105 0.473897540819328
0.8373436658977716 0.4910056318083052 0.48070387855064284
0.8329017072391225 0.496850275607207 0.4875019987946609
0.8284026625871188 0.5026608612173189 0.4942917649277011
0.8238466934790447 0.5084368966862486 0.501073039513011
0.8192339646024613 0.514177888947992 0.5078456842731645
0.8145646438179457 0.5198833438518725 0.5146095600633126
0.8098389021828463 0.5255527661882571 0.5213645268452917
0.8050569139761666 0.5311856597111828 0.5281104436625595
0.8002188567247144 0.5367815271579924 0.5348471686159495
0.7953249112306111 0.5423398702661236 0.5415745588402199
0.790375261600276 0.5478601897871828 0.5482924704813936
0.7853700952749914 0.553341985498421 0.5550007586748552
0.7803096030631392 0.558784756211766 0.5616992775242043
0.7751939791742091 0.5641879997805334 0.5683878800808366
0.7700234212546553 0.5695512131039725 0.5750664183242453
0.7647981304256944 0.5748738921297819 0.5817347431430178
0.7595183113231192 0.5801555318547372 0.5883927043165114
0.7541841721391889 0.5853956263235943 0.5950401504972018
0.7487959246666805 0.5905936686263991 0.6016769291936724
0.7433537843451455 0.5957491508943747 0.6083028867542299
0.7378579703094338 0.6008615642945249 0.6149178683511454
0.7323087054405352 0.6059303990231211 0.6215217179654746
0.7267062164187814 0.6109551442982182 0.6281142783724711
0.7210507337794476 0.6159352883513682 0.6346953911275455
0.7153424919707797 0.6208703184186882 0.641264896552779
0.7095817294144858 0.6257597207314375 0.6478226337239568
0.703768688568704 0.6306029805062713 0.6543684404581068
0.6979036159934666 0.6353995819353305 0.660902153301534
0.6919867624186651 0.6401490081763311 0.6674236075183241
0.6860183828145302 0.644850741342811 0.673932637079297
0.6799987364646101 0.6495042624947053 0.6804290746514076
0.6739280870412516 0.6541090516294072 0.6869127515875555
0.6678067026835672 0.6586645876734734 0.6933834979168019
0.6616348560778654 0.6631703484751451 0.6998411423349644
0.6554128245405183 0.6676258107978413 0.7062855121955842
0.6491408901032396 0.6720304503147851 0.7127164335012369
0.6428193396007371 0.6763837416049199 0.7191337308951687
0.6364484647606848 0.6806851581502822 0.7255372276532547
0.6300285622959788 0.6849341723349831 0.7319267456762416
0.6235599339992168 0.6891302554459531 0.7383021054822688
0.6170428868393373 0.6932728776756073 0.7446631261996504
0.6104777330603549 0.6973615081265867 0.7510096255598925
0.6038647902821204 0.7013956148187176 0.7573414198909342
0.5972043816030259 0.7053746646983421 0.7636583241105899
0.590496835704566 0.7092981236501713 0.7699601517201811
0.5837424869576726 0.7131654565117909 0.7762467147983312
0.5769416755307244 0.7169761270909716 0.7825178239949079
0.5700947474991256 0.7207295981859164 0.788773288525101
0.5632020549563542 0.7244253316085785 0.7950129161636079
0.5562639561263621 0.7280627882111788 0.8012365132389131
0.5492808154772091 0.731641427916057 0.8074438846276446
0.5422530038358057 0.7351607097489712 0.8136348337489852
0.5351808985036437 0.7386200918759662 0.8198091625591208
0.5280648833733688 0.7420190316439309 0.8259666715457076
0.5209053490460617 0.7453569856249449 0.8321071597223433
0.5137026929490814 0.748633409664532 0.8382304246230123
0.5064573194543237 0.7518477589339053 0.844336262296498
0.49916963999673286 0.7549994879863139 0.8504244673007378
0.4918400731929141 0.7580880508175697 0.8564948326970965
0.48446904495967585 0.7611129009308444 0.8625471500445512
0.47705698863234114 0.7640734914058099 0.8685812093937517
0.4696043450826409 0.7669692749722 0.874596799280953
0.46211156283602645 0.7697997040878495 0.8805937067217879
0.45457909818820813 0.7725642310212792 0.8865717172048628
0.447007415320734 0.7752623079388737 0.892530614685161
0.4393969864154257 0.7778933869966942 0.8984701815772265
0.4317482917674754 0.780456920436968 0.9043901987481093
0.42406181989699093 0.7829523606892879 0.9102904455100543
0.41633806765881887 0.7853791604765309 0.9161706996129061
0.40857754035040855 0.7877367729255252 0.922030737236216
0.40078075181753614 0.7900246516824605 0.9278703329810205
0.3929482245576582 0.7922422510330472 0.9336892598612759
0.3850804898207028 0.794389026027403 0.939487289294925
0.3771780877070686 0.7964644326096577 0.9452641910945635
0.36924156726261653 0.7984679277522401 0.9510197334577031
0.36127148657044866 0.8003989695948085 0.956753682956584
0.35326841283924465 0.8022570175877778 0.962465804527527
0.34523292248792997 0.8040415326403868 0.9681558614597978
0.33716560122647204 0.805751977273231 0.973823615383957
0.3290670441325643 0.8073878157751921 0.9794688262596647
0.32093785572399464 0.8089485143646626 0.9850912523629259
0.3127786500264526 0.8104335413549809 0.9906906502727365
0.30459005063657996 0.8118423673239518 0.9962667748571113
0.2963726907800323 0.8131744652873406 1.001819379258459
0.28812721336432207 0.8144293108762076 1.007348214878283
0.27985427102625254 0.8156063825179318 1.01285303136117
0.27155452617370546 0.8167051616207762 1.0183335765780408
0.26322865102157395 0.8177251327618261 1.023789596608632
0.2548773276216441 0.8186657838781165 1.0292208357231758
0.24650124788620076 0.8195266064607657 1.0346270363632433
0.2381011136051783 0.8203070957519035 1.040007939121719
0.22967763645662803 0.8210067509441896 1.0453632827218726
0.2212315380103453 0.8216250753826829 1.0506928039954928
0.21276354972444647 0.8221615767688335 1.0559962378600378
0.20427441293471474 0.8226157673663382 1.0612733172947824
0.19576487883655228 0.8229871642086002 1.0665237733159005
0.18723570845937035 0.8232752893075097 1.0717473349504612
0.1786876726332401 0.823479669863267 1.0769437292092858
0.17012155194767586 0.8235998384749358 1.0821126810586297
0.16153813670239606 0.8236353333514188 1.0872539133906398
0.15293822684993488 0.823585698522529 1.0923671469925407
0.14432263192996442 0.8234504840498167 1.0974521005145155
0.13569217099524403 0.823229246236802 1.1025084904362126
0.12704767252907948 0.8229215478382503 1.1075360310318434
0.11838997435419087 0.8225269582681157 1.112534434333815
0.10971992353294308 0.822045053805766 1.1175034100948429
0.10103837625885241 0.8214754178000906 1.122442665748485
0.09234619773932888 0.8208176408710821 1.1273519063680517
0.08364426206962179 0.82007132110847 1.1322308346238183
0.07493345209794736 0.8192360642669757 1.137079150738488
0.06621465928180205 0.8183114839577452 1.1418965524408378
0.057488783535464126 0.8172972018355077 1.146682734917487
0.048756733068733446 0.8161928477809964 1.1514373907627138
0.0400194242169452 0.8149980600781601 1.1561602099262538
0.031277781262337954 0.8137124855856825 1.1608508796590125
0.02253273624686177 0.8123357799023203 1.165509084456605
0.013785228776535968 0.8108676075255615 1.1701345060006572
0.005036205817494954 0.809307642003095 1.1747268230977856
-0.0037133785161292438 0.8076555660765815 1.1792857116161677
-0.012462563182307847 0.8059110718172025 1.1838108444196225
-0.021210380438994935 0.8040738607524635 1.188301891299111
-0.029955856079565288 0.8021436439837168 1.1927585189015664
-0.03869800967556175 0.8001201422938703 1.1971803906559562
-0.0474358548264524 0.7980030862447416 1.2015671666964793
-0.05616839941613362 0.795792216263512 1.205918503782801
-0.06489464587580854 0.7934872827177367 1.2102340552172146
-0.07361359145289345 0.7910880459783651 1.2145134707586223
-0.08232422848558356 0.7885942764702183 1.2187563965332306
-0.09102539484968736 0.7860058161026482 1.222962361718902
-0.09971523241326355 0.7833227638022013 1.2271305067254248
-0.10839262047151117 0.7805448729343455 1.231260721639776
-0.117056546370936 0.7776718649479801 1.2353529623877373
-0.12570596728725722 0.7747034908306494 1.2394071342108388
-0.13433981270292442 0.7716395308138667 1.243423096469257
-0.1429569867520785 0.7684797940137719 1.2474006671977
-0.1515563704347322 0.7652241180152253 1.2513396274209025
-0.1601368237021978 0.7618723684071893 1.2552397252352894
-0.16869718741610867 0.758424438276972 1.2591006796633124
-0.1772362851836325 0.7548802476706535 1.2629221842869
-0.1857529250717251 0.7512397430267533 1.2667039106664124
-0.19424590120355353 0.7475028965899193 1.2704455115514397
-0.20271399524047723 0.7436697058111433 1.2741466238897488
-0.2111559777531608 0.7397401927407447 1.2778068716406132
-0.21957060948568421 0.7357144034200523 1.281425868398733
-0.22795664251669498 0.7315924072774396 1.2850032198349026
-0.23631282132186993 0.7273742965340556 1.288538525959524
-0.24463788374211745 0.7230601856242964 1.2920313832150305
-0.2529305618621869 0.7186502106357289 1.2954813864032182
-0.2611895828044475 0.7141445287728718 1.2988881304534454
-0.2694136694427907 0.709543317848902 1.3022512120375895
-0.27760154104174245 0.704846775809011 1.3055702310375976
-0.2857519138259502 0.7000551202888062 1.3088447918714148
-0.29386350148535156 0.6951685882107952 1.3120745046829905
-0.3019350156213786 0.6901874354216423 1.3152589864020152
-0.30996516613962954 0.6851119363725295 1.318397861678962
-0.31795266159447955 0.6799423838445956 1.3214907637009274
-0.3258962094910989 0.6746790887210757 1.3245373348937093
-0.3337945165504005 0.6693223798073873 1.3275372275154624
-0.3416462889423706 0.6638726037000583 1.3304901041472073
-0.3494502324932264 0.6583301247050395 1.3333956380853766
-0.35720505287177295 0.6526953248055778 1.3362535136415021
-0.3649094557602772 0.6469686036794706 1.3390634263540682
-0.37256214701503954 0.6411503787651959 1.341825083117453
-0.3801618328217588 0.6352410853760496 1.3445382022328105
-0.3877072198506506 0.6292411768610888 1.3472025133856471
-0.3951970154160799 0.6231511248113766 1.349817757554758
-0.4026299276453511 0.6169714193096766 1.3523836868571029
-0.41000466566105315 0.6107025692214675 1.3549000643331106
-0.4173199397811846 0.6043451025248308 1.3573666636768122
-0.4245744617410167 0.5978995666765066 1.3597832689151186
-0.4317669449404395 0.5913665290111245 1.3621496740404622
-0.43889610472023977 0.584746577170385 1.3644656826009502
-0.4459606586705144 0.5780403195587099 1.366731107252082
-0.4529593269740934 0.5712483858216805 1.368945769274007
-0.45989083278757475 0.5643714273433661 1.3711094980582152
-0.46675390266221434 0.5574101177584788 1.373222130567478
-0.47354726700663485 0.550365153475098 1.375283510772784
-0.4802696605929011 0.5432372542036155 1.377293489070933
-0.48691982310723647 0.5360271634873723 1.379251921686389
-0.493496499746235 0.528735649230401 1.3811586700609322
-0.49999844185908376 0.521363504217587 1.3830136002345699
-0.5064244076359214 0.5139115466225245 1.3848165822211271
-0.5127731628420947 0.5063806204982898 1.3865674893818642
-0.51904348159768 0.49877159624635736 1.3882661978004356
-0.5252341472012599 0.49108537105889943 1.3899125856624341
-0.5313439529965398 0.48332286932975965 1.3915065326427456
-0.5373717032800469 0.47548504302941597 1.3930479193038776
-0.5433162142477231 0.4675728720393829 1.3945366265084111
-0.5491763149778761 0.4595873644415846 1.395972534848675
-0.5549508484475734 0.45152955675836265 1.3973555240967346
-0.5606386725791906 0.4434005141389603 1.398685472677755
-0.5662386613134683 0.4352013304884933 1.3999622571697803
-0.5717497057050911 0.42693312853561144 1.401185751832978
-0.5771707150364523 0.4185970598353053 1.4023558281713642
-0.5825006179449631 0.4101943047035213 1.4034723545300503
-0.5877383635589132 0.4017260720805696 1.4045351957310404
-0.5928829226366524 0.3931935993205254 1.405544212750622
-0.5979332887035343 0.3845981519041866 1.4064992624414134
-0.6028884791808139 0.37594102307345795 1.4074001973021422
-0.6077475365004743 0.367223533385333 1.4082468652982627
-0.6125095291996995 0.35844703018405744 1.4090391097365496
-0.6171735529885422 0.3496128869903547 1.409776769196838
-0.621738731784122 0.3407225028070531 1.4104596775241316
-0.6262042187045898 0.33177730134072314 1.4110876638843404
-0.6305691970158886 0.32277873013947594 1.4116605528869675
-0.6348328810243155 0.31372825964732387 1.4121781647781257
-0.638994516907741 0.3046273821760241 1.4126403157073286
-0.6430533834783366 0.29547761079566653 1.4130468180715712
-0.6470087928695955 0.2862804781457091 1.4133974809402954
-0.6508600911404596 0.2770375351685367 1.4136921105649198
-0.6546066587893624 0.26775034976806994 1.4139305109766935
-0.6582479111710563 0.25842050539630873 1.4141124846767423
-0.6617832988091786 0.24904959957108597 1.4142378334222618
-0.6652123075975809 0.23963924232872552 1.414306359112927
-0.668534458883598 0.2301910546156191 1.4143178647816959
-0.6717493094265555 0.2207066666231386 1.414272155694297
-0.6748564512249992 0.2111877160706028 1.4141690405618172
-0.6778555112063057 0.20163584644138077 1.4140083328709288
-0.6807461507725526 0.19205270517749198 1.4137898523364218
-0.6835280651967411 0.18243994183838486 1.413513426480847
-0.686200982863724 0.1727992062297974 1.413178892346204
-0.6887646643504285 0.16313214650891786 1.4127860983427527
-0.6912189013402499 0.15344040727223782 1.4123349062401704
-0.6935635153667749 0.1437256276326951 1.4118251933064083
-0.6957983563822621 0.13398943929294982 1.4112568545997621
-0.6979233011466336 0.12423346462170418 1.4106298054197965
-0.6999382514330088 0.11445931474019906 1.4099439839229162
-0.7018431320461267 0.10466858762608018 1.4091993539085161
-0.7036378886503001 0.09486286624196236 1.4083959077817678
-0.705322485403845 0.08504371669608894 1.4075336696992482
-0.7068969023972311 0.07521268644250663 1.4066126989037187
-0.7083611328924653 0.06537130252831845 1.405633093254501
-0.7097151803615244 0.05552106989551839 1.4045949929599861
-0.7109590553218946 0.045663469744989346 1.403498584518912
-0.7120927719675425 0.035799957970262 1.402344104877129
-0.7131163445938624 0.025931963668683573 1.4011318458066304
-0.7140297838153806 0.016060887737591886 1.399862158513675
-0.7148330925751732 0.006188101563255949 1.3985354584828467
-0.7155262619451491 -0.003685054189724016 1.3971522305639004
-0.7161092667164909 -0.01355727068069152 1.3957130343082138
-0.7165820607796888 -0.023427271878976887 1.3942185095616009
-0.7169445722937036 -0.033293815425629474 1.3926693823201581
-0.7171966986438821 -0.043155693362534546 1.3910664708556748
-0.7173383011883121 -0.05301173272047183 1.3894106921169704
-0.717369199792339 -0.06286079595722778 1.3877030684133012
-0.7172891671509865 -0.07270178123659748 1.3859447343857114
-0.7170979228990203 -0.08253362253858697 1.384136944271872
-0.7167951275083752 -0.09235528959059393 1.3822810794695697
-0.7163803759726284 -0.10216578760862681 1.38037865640356
-0.7158531912781605 -0.11196415683685938 1.3784313346999688
-0.7152150794494099 -0.1217478203190226 1.3764372246866057
-0.7144694447809132 -0.1315128963918937 1.3743911678369716
-0.7136167535272984 -0.14125803809420776 1.3722934026787923
-0.7126574488815322 -0.15098193659752768 1.3701442484277726
-0.7115919998747348 -0.16068328251453665 1.3679440170337807
-0.7104209010705433 -0.1703607677428936 1.365693014020602
-0.7091446721801339 -0.18001308721979994 1.363391539284482
-0.7077638576048012 -0.18963894058720032 1.3610398878524244
-0.7062790259127967 -0.19923703376783966 1.3586383506011654
-0.7046907692569003 -0.20880608045262197 1.356187214937718
-0.7029997027390158 -0.21834480349991822 1.3536867654423421
-0.7012064637278358 -0.22785193624773276 1.3511372844747678
-0.6993117111354399 -0.2373262237397719 1.3485390527444772
-0.6973161246584356 -0.2467664238667237 1.3458923498458106
-0.6952204039890678 -0.2561713084241555 1.343197454758657
-0.6930252680014681 -0.265539664088663 1.3404546463154556
-0.6907314539180204 -0.2748702933140171 1.337664203635223
-0.68833971646057 -0.2841620151492298 1.3348264065252995
-0.6858508269910041 -0.2934136659805485 1.3319415358514965
-0.6832655726454893 -0.30262410019953656 1.3290098738773197
-0.6805847554664309 -0.3117921907995178 1.3260317045729118
-0.6778091915360039 -0.3209168299027033 1.3230073138943836
-0.6749397101148776 -0.32999692922046087 1.3199369900341622
-0.6719771527895249 -0.339031420449247 1.316821023643
-0.668922372631308 -0.3480192556047619 1.3136597080242798
-0.6657762333703027 -0.3569594072969668 1.3104533393012516
-0.6625396085865948 -0.3658508689486726 1.3072022165578254
-0.6592133809216029 -0.374692654960368 1.303906641953572
-0.6557984413117386 -0.3834838008240761 1.300566920813557
-0.6522956882465302 -0.39222336318897383 1.2971833616936594
-0.6487060270531109 -0.40091041988157694 1.2937562764220254
-0.6450303692088 -0.4095440698832486 1.2902859801173137
-0.6412696316832871 -0.4181234332678038 1.2867727911844047
-0.637424736311735 -0.4266476511020082 1.283217031288245
-0.6334966091999505 -0.4351158853116699 1.2796190253065276
-0.6294861801625681 -0.4435273185160706 1.2759791012619024
-0.6253943821950065 -0.4518811538334337 1.27229759023444
-0.6212221509798135 -0.4601766146600536 1.2685748262550793
-0.6169704244277983 -0.4684129444257281 1.2648111461808078
-0.612640142254226 -0.4765894063280276 1.2610068895523445
-0.608232245590156 -0.48470528304793886 1.2571623984351006
-0.603747676628864 -0.4927598764493109 1.2532780172442324
-0.5991873783071369 -0.5007525072645056 1.249354092554599
-0.5945522940210575 -0.508682514768584 1.2453909728964754
-0.5898433673757965 -0.5165492564442611 1.2413890085378754
-0.5850615419687408 -0.524352107639828 1.237348551254382
-0.5802077612051908 -0.5320904612221405 1.2332699540873766
-0.5752829681457063 -0.539763727226694 1.2291535710916084
-0.5702881053840837 -0.5473713325067113 1.2249997570730526
-0.5652241149547869 -0.554912720383121 1.2208088673180286
-0.5600919382685848 -0.5623873502971583 1.2165812573145802
-0.5548925160749997 -0.5697946974672814 1.2123172824671362
-0.5496267884500943 -0.5771342525519594 1.2080172978055017
-0.5442956948079974 -0.5844055213198297 1.2036816576892369
-0.538900173934506 -0.5916080243285772 1.199310715508532
-0.5334411640409723 -0.5987412966138334 1.1949048233826793
-0.5279196028366249 -0.6058048873892611 1.1904643318572885
-0.5223364276173793 -0.6127983597588906 1.1859895896014059
-0.5166925753691173 -0.6197212904426733 1.1814809431057225
-0.5109889828833448 -0.6265732695160978 1.1769387363830834
-0.5052265868830514 -0.6333539001646286 1.1723633106725169
-0.4994063241565682 -0.6400627984535731 1.167755004148054
-0.4935291316971162 -0.6466995931139153 1.1631141516335992
-0.48759594684571356 -0.6532639253445135 1.1584410843251542
-0.4816077074350444 -0.6597554486309488 1.1537361295217137
-0.47556535193185656 -0.6661738285811963 1.1489996103661657
-0.4694698195753953 -0.6725187427781798 1.1442318455975646
-0.46332205050935693 -0.678789880649146 1.139433149316138
-0.45712298590482486 -0.6849869433516622 1.1346038307624453
-0.4508735680715815 -0.6911096436759574 1.1297441941120867
-0.44457474055521273 -0.6971577059631651 1.1248545382874042
-0.43822744821735826 -0.7031308660389425 1.1199351567876228
-0.4318326372964928 -0.7090288711617821 1.114986337538904
-0.4253912554465461 -0.71485147998526 1.110008362765785
-0.4189042517507493 -0.7205984625332799 1.1050015088855185
-0.41237257670800215 -0.7262696001873157 1.0999660464268148
-0.40579718218912075 -0.7318646856844938 1.0949022399745227
-0.39917902136030814 -0.7373835231252424 1.089810348141789
-0.392519048571195 -0.7428259279891323 1.0846906235712526
-0.3858182192048247 -0.7481917271573898 1.0795433129668486
-0.3790774894869519 -0.753480758940474 1.0743686571577884
-0.37229781625209685 -0.7586928731089526 1.0691668911963237
-0.36548015666374406 -0.7638279309258437 1.063938244490891
-0.3586254678861874 -0.768885805178432 1.0586829409762446
-0.3517347067054906 -0.7738663802074842 1.0534011993222108
-0.3448088290971176 -0.7787695519316619 1.0480932331826847
-0.3378487897377987 -0.7835952278648227 1.042759251486519
-0.3308555414592517 -0.7883433271238024 1.0373994587719408
-0.32383003464142673 -0.7930137804241498 1.0320140555661643
-0.31677321654301277 -0.7976065300611874 1.0266032388118513
-0.3096860305669461 -0.8021215298736821 1.021167202342089
-0.3025694154587946 -0.8065587451872884 1.015706137405559
-0.29542430443587386 -0.8109181527348517 1.0102202332435755
-0.28825162424508893 -0.8151997405505457 1.0047096777206659
-0.2810522941475002 -0.8194035078347426 0.9991746580103922
-0.2738272248277258 -0.8235294647864105 0.9936153613380869
-0.26657731722635325 -0.8275776323997526 0.9880319757822016
-0.25930346129358434 -0.8315480422217184 0.9824246911359542
-0.25200653466245115 -0.8354407360669311 0.9767936998309665
-0.2446874012400274 -0.8392557656864794 0.9711391979245881
-0.23734690971505892 -0.8429931923869816 0.9654613861525837
-0.22998589198067293 -0.8466530865961919 0.959760471048887
-0.2226051614707585 -0.8502355273713936 0.9540366661340973
-0.2152055114088055 -0.8537406018467144 0.9482901931743981
-0.20778771296804968 -0.8571684046154266 0.9425212835125826
-0.20035251334186233 -0.8605190370432206 0.9367301794728453
-0.19290063372345345 -0.8637926065083441 0.9309171358410177
-0.18543276719399648 -0.8669892255644438 0.9250824214218819
-0.17794957651851193 -0.8701090110218096 0.9192263206752308
-0.1704516918488165 -0.873152082942683 0.913349135432295
-0.16293970833307436 -0.8761185635461521 0.9074511866941596
-0.1554141836315736 -0.8790085760180687 0.9015328165137834
-0.14787563533845835 -0.8818222432213033 0.895594389963215
-0.1403245383093235 -0.884559686301537 0.8896362971875676
-0.13276132189473236 -0.8872210231836345 0.8836589555473263
-0.1251863670798076 -0.8898063669535202 0.877662811850512
-0.11760000353031241 -0.8923158241202908 0.8716483446762158
-0.11000250654573908 -0.8947494927531263 0.8656160667909947
-0.10239409392014905 -0.8971074604873632 0.8595665276595774
-0.09477492271173259 -0.8993898023938537 0.8535003160513299
-0.08714508592225066 -0.9015965787055031 0.84741806274385
-0.07950469996311883 -0.9037278393071082 0.8413203792731522
-0.07185653861346487 -0.9057838444352343 0.8352059985862622
-0.06420240740609336 -0.9077648331357511 0.8290743238221383
-0.05654296789267234 -0.9096709704592285 0.8229255574732227
-0.04887887579282916 -0.9115024255449014 0.8167599004040069
-0.041210781051326216 -0.9132593714969125 0.8105775518683055
-0.033539327896410794 -0.914941985264314 0.8043787095264339
-0.02586515489925204 -0.9165504475247565 0.7981635694623161
-0.01818889503429736 -0.9180849425718168 0.7919323262005034
-0.010511175740421215 -0.9195456582058964 0.7856851727231172
-0.002832618982763707 -0.9209327856286245 0.7794223004867141
0.004846158684875837 -0.9222465193406998 0.7731438994390766
0.012524546057208976 -0.9234870570431027 0.7668501580359232
0.020201937214284347 -0.9246545995416033 0.7605412632575499
0.027877731458075317 -0.9257493506544944 0.7542174006253989
0.03555133324894785 -0.926771517123476 0.7478787542185508
0.04322215214207808 -0.9277213085276133 0.7415255066901482
0.0508896027239205 -0.9285989372002945 0.7351578392837422
0.05855310454880325 -0.9294046181491092 0.7287759318495785
0.06621208207576033 -0.9301385689785701 0.7223799628607942
0.07386596460561674 -0.9308010098155988 0.7159701094295581
0.08151418621846672 -0.9313921632376966 0.709546547323134
0.08915618571154942 -0.9319122542037234 0.7031094509798675
0.09679140653763643 -0.9323615099872004 0.696658993525107
0.10441929674394314 -0.9327401601120635 0.6901953467870459
0.11203930891165231 -0.9330484362907823 0.6837186813124982
0.11965090009608294 -0.9332865723647709 0.6772291663825907
0.12725353176755141 -0.9334548042470076 0.6707269700283882
0.13484666975295873 -0.9335533698667912 0.6642122590464423
0.14242978417817062 -0.9335825091165496 0.6576851990142617
0.15000234941117896 -0.9335424638006312 0.6511459543057104
0.15756384400611723 -0.933433477586 0.6445946881063246
0.16511375064812733 -0.9332557959547592 0.6380315624285592
0.17265155609911736 -0.9330096661584341 0.6314567381269464
0.18017675114442527 -0.9326953371739368 0.6248703749131845
0.18768883054040145 -0.9323130596611457 0.6182726313711431
0.1951872929629209 -0.9318630859220284 0.6116636649717926
0.20267164095684453 -0.9313456698612421 0.6050436320880472
0.21014138088643716 -0.9307610669481403 0.5984126880095402
0.2175960228867303 -0.9301095341801275 0.5917709869572984
0.22503508081585247 -0.9293913300472916 0.5851186820983558
0.23245807220829962 -0.9286067144982596 0.5784559255602759
0.2398645182291805 -0.9277559489072092 0.5717828684455901
0.2472539436293873 -0.9268392960419856 0.5650996608461644
0.2546258767017078 -0.9258570200332631 0.5584064518574704
0.2619798492378676 -0.9248093863446997 0.5517033895927924
0.26931539648648867 -0.9236966617440285 0.5449906211973313
0.2766320571119326 -0.9225191142750436 0.5382682928622466
0.28392937315403216 -0.9212770132304271 0.5315365498386043
0.29120688998868055 -0.9199706291253714 0.5247955364512497
0.2984641562892709 -0.9186002336719543 0.5180453961125975
0.3057007239889408 -0.9171660997542284 0.5112862713363396
0.31291614824360964 -0.915668501403983 0.5045183037510815
0.3201099873958061 -0.9141077137771384 0.49774163411388467
0.32728180293921244 -0.912484013130745 0.49095640232374593
0.334431159483934 -0.9107976768005517 0.48416274743499016
0.3415576247224569 -0.9090489831791102 0.4773608076705885
0.3486607693962526 -0.9072382116943954 0.47055072043539975
0.3557401672630116 -0.9053656427889076 0.46373262232934437
0.3627953950644722 -0.9034315578992393 0.4569066491604899
0.3698260324947951 -0.9014362394360885 0.45007293595808057
0.37683166216948205 -0.8993799707646893 0.4432316169854843
0.38381186959477503 -0.8972630361856566 0.43638282575307846
0.3907662431375152 -0.8950857209162238 0.4295266950310603
0.3976943739954302 -0.8928483110718627 0.42266335686219775
0.4045958561678001 -0.8905510936482822 0.4157929425745142
0.41147028642649275 -0.8881943565037892 0.40891558279390516
0.41831726428730553 -0.8857783883420165 0.4020314074567023
0.42513639198159225 -0.883303478695014 0.3951405458221716
0.43192727442813994 -0.880769917906699 0.3882431264849635
0.4386895192052663 -0.8781779971166708 0.38133927738749857
0.4454227365230871 -0.8755280082443953 0.37442912583230764
0.45212653919592743 -0.8728202439737699 0.36751279849432444
0.4588005426148615 -0.8700549977380624 0.3605904214331206
0.4654443647203136 -0.8672325637052577 0.35366212010510734
0.4720576259747147 -0.8643532367638067 0.3467280193756884
0.4786399493351686 -0.8614173125088054 0.3397882435313758
0.48519096022610453 -0.8584250872286129 0.3328429162918692
0.4917102865118904 -0.8553768578919293 0.3258921608221028
0.4981975584693535 -0.8522729221353661 0.31893609974425585
0.5046524087602205 -0.8491135782515091 0.31197485514974277
0.5110744724034083 -0.8458991251775263 0.30500854861117355
0.5174633867471653 -0.8426298624843288 0.2980373011942965
0.5238187914410404 -0.8393060903663155 0.29106123346992036
0.530140328407632 -0.8359281096317472 0.28408046552581945
0.5364276418141258 -0.8324962216937593 0.27709511697863787
0.5426803780435842 -0.8290107285620638 0.27010530698576773
0.5488981856659594 -0.8254719328353773 0.26311115425724035
0.555080715408848 -0.8218801376945918 0.25611277706760643
0.5612276201279207 -0.8182356468967573 0.24911029326782347
0.5673385547770647 -0.8145387647698868 0.24210382029714758
0.5734131763781904 -0.8107897962086442 0.23509347519503287
0.5794511439906999 -0.8069890466709562 0.22807937461305544
0.5854521186806407 -0.8031368221755684 0.22106163482683755
0.5914157634894751 -0.799233429300636 0.21404037174801066
0.5973417434025239 -0.7952791751833486 0.20701570093619426
0.6032297253170525 -0.7912743675206604 0.1999877376110055
0.6090793780099888 -0.7872193145711789 0.19295659666410495
0.6148903721053068 -0.7831143251582388 0.18592239267128183
0.620662380041052 -0.7789597086742343 0.17888523990456953
0.6263950760360356 -0.7747557750862394 0.17184525234442194
0.6320881360561831 -0.7705028349429921 0.16480254369192915
0.6377412377805746 -0.7662011993832679 0.15775722738109205
0.6433540605671758 -0.7618511801457128 0.1507094165911523
0.6489262854182782 -0.7574530895801812 0.14365922425898608
0.6544575949456648 -0.7530072406606375 0.13660676309156763
0.6599476733355375 -0.748513946999662 0.12955214557849387
0.6653962063131997 -0.7439735228646391 0.12249548400459362
0.6708028811075633 -0.7393862831956467 0.1154368904626129
0.6761673864154621 -0.7347525436251393 0.10837647686598159
0.6814894123658457 -0.7300726204994471 0.1013143549616692
0.6867686504838617 -0.7253468309021581 0.09425063634313342
0.6920047936548681 -0.7205754926794469 0.08718543246336602
0.6971975360884352 -0.7157589244673707 0.08011885464802979
0.7023465732823474 -0.7108974457212281 0.07305101410871251
0.7074516019866761 -0.705991376747001 0.06598202195628174
0.7125123201679708 -0.7010410387349353 0.058911989214354504
0.7175284269735998 -0.6960467537953321 0.05184102683288249
0.7224996226963191 -0.6910088449965733 0.04476924570185978
0.7274256087391164 -0.6859276364054432 0.03769675666515832
0.7323060875803832 -0.680803453129801 0.03062367053448212
0.7371407627394981 -0.6756366213636292 0.02355009810346683
0.7419293387428604 -0.6704274684345374 0.01647615016190793
0.7466715210904683 -0.6651763228537304 0.009401937510135053
0.7513670162231031 -0.6598835143685073 0.002327570973527109
0.7560155314901873 -0.6545493740173286 -0.004746838582818679
0.7606167751184084 -0.649174234187487 -0.011821180239275126
0.7651704561811836 -0.6437584286754185 -0.018895343006705353
0.7696762845690409 -0.6383022927497074 -0.025969215811332606
0.7741339709610192 -0.6328061632167924 -0.03304268747943957
0.778543226797169 -0.6272703784894299 -0.040115646721907434
0.7829037642522361 -0.6216952786579396 -0.04718798211858051
0.787215296210645 -0.6160812055642528 -0.0542595821024522
0.79147753624287 -0.6104285028787895 -0.061330334943687455
0.7956901985832855 -0.6047375161802049 -0.06840012873345247
0.7998529981096185 -0.5990085930380046 -0.07546885136756379
0.8039656503240988 -0.5932420830980558 -0.0825363905299529
0.8080278713364095 -0.5874383381710242 -0.0896026336759398
0.8120393778485798 -0.5815977123237062 -0.0966674680153142
0.8159998871418913 -0.5757205619733274 -0.10373078049521552
0.8199091170659598 -0.5698072459847525 -0.11079245778282819
0.8237667860300784 -0.5638581257706553 -0.11785238624786155
0.8275726129969676 -0.5578735653946204 -0.12491045194483315
0.8313263174790477 -0.5518539316771812 -0.13196654059514473
0.835027619537359 -0.5457995943047975 -0.13902053756895305
0.8386762397832713 -0.5397109259417349 -0.14607232786681848
0.8422718993831009 -0.5335883023448623 -0.15312179610115995
0.8458143199626956 -0.5274321026386503 -0.16016882658264076
0.849303192881864 -0.5212427564317313 -0.16721334190933534
0.852738243283944 -0.5150206451424877 -0.1742552555078773
0.8561192314001457 -0.5087660978759809 -0.18129444866152694
0.8594459153077437 -0.5024794481889446 -0.18833080266985955
0.8627180511470929 -0.4961610340190131 -0.1953641988302434
0.865935393330436 -0.48981119761202285 -0.20239451841923933
0.869097694742585 -0.48343028544772143 -0.20942164267390379
0.8722047069336045 -0.4770186481641321 -0.21644545277301586
0.8752561803036106 -0.4705766404808535 -0.2234658298182241
0.8782518642798122 -0.4641046211215502 -0.23048265481512303
0.8811915074859186 -0.45760295273589463 -0.23749580865425743
0.884074857904051 -0.45107200182120644 -0.24450517209205813
0.8869016630292988 -0.4445121386440111 -0.25151062573172933
0.889671670017056 -0.4379237371617765 -0.2585120500040621
0.8923846258232916 -0.4313071749450262 -0.26550932514820863
0.8950402773379013 -0.4246628331000607 -0.2725023311923984
0.8976383715113002 -0.4179910961924819 -0.27949094793462087
0.9001786554744086 -0.41129235217174426 -0.28647505492325204
0.9026608766522026 -0.40456699229689014 -0.29345453143766764
0.9050847828709893 -0.39781541106369206 -0.3004292564688071
0.9074501224595818 -0.3910380061333484 -0.3073991086997186
0.9097566443445356 -0.3842351782629413 -0.3143639664860832
0.912004098139642 -0.3774073312377677 -0.3213237078367188
0.9141922342298326 -0.3705548718057591 -0.32827821039407584
0.9163208038496995 -0.36367820961408914 -0.3352273514147154
0.9183895591568002 -0.3567777571481302 -0.34217100774979825
0.9203982532999336 -0.3498539296729092 -0.3491090558255651
0.9223466404825846 -0.34290714517715426 -0.35604137162382443
0.9242344760217179 -0.33593782432007946 -0.3629678306624538
0.9260615164021152 -0.3289463903810062 -0.3698883079759163
0.9278275193264528 -0.3219332692119281 -0.3768026780957965
0.9295322437613059 -0.31489888919312603 -0.38371081503135945
0.9311754499792856 -0.3078436811918994 -0.39061259225014944
0.9327568995974972 -0.300768078524519 -0.39750788265861287
0.9342763556125167 -0.29367251692148155 -0.4043965585827683
0.9357335824320929 -0.2865574344960976 -0.4112784917489184
0.9371283459037623 -0.27942327171652087 -0.41815355326441495
0.9384604133405816 -0.27227047138123933 -0.425021613598473
0.9397295535441775 -0.2650994785980879 -0.4318825425630576
0.9409355368253083 -0.25791074076682236 -0.43873620929382173
0.9420781350221379 -0.2507047075652911 -0.44558248223112285
0.9431571215164252 -0.24348183093921077 -0.4524212291011136
0.9441722712478123 -0.23624256509560665 -0.4592523168969116
0.9451233607264279 -0.2289873664998742 -0.46607561185985646
0.946010168043982 -0.22171669387652276 -0.47289097946085296
0.9468324728835619 -0.21443100821355945 -0.4796982843818201
0.9475900565283136 -0.20713077277052275 -0.4864973904972303
0.9482827018692025 -0.19981645309015617 -0.49328816085576027
0.9489101934120456 -0.19248851701369332 -0.5000704576620509
0.9494723172840014 -0.18514743469972317 -0.5068441422585855
0.949968861239705 -0.17779367864661086 -0.5136090751076876
0.9503996146672321 -0.170427723718437 -0.5203651157736411
0.9507643685940731 -0.16305004717439323 -0.5271121229049536
0.9510629156932991 -0.15566112870159984 -0.5338499542167422
0.9512950502900959 -0.1482614504512743 -0.5405784664732702
0.9514605683688365 -0.14085149707820308 -0.5472975154706242
0.9515592675808712 -0.13343175578341632 -0.5540069560195462
0.9515909472531942 -0.12600271636003252 -0.560706641928422
0.9515554083981601 -0.11856487124215585 -0.5673964259864234
0.9514524537244069 -0.11111871555674598 -0.5740761599468288
0.9512818876491439 -0.10366474717839215 -0.5807456945105031
0.9510435163119613 -0.09620346678686473 -0.5874048793095574
0.950737147590311 -0.08873537792735343 -0.594053562891189
0.950362591116805 -0.0812609870732857 -0.6006915927017052
0.9499196582984744 -0.07378080369161763 -0.6073188150707298
0.9494081623381265 -0.06629534031045373 -0.6139350751956195
0.9488279182579377 -0.05880511258891241 -0.6205402171260576
0.9481787429254053 -0.051310639389080745 -0.6271340837488647
0.9474604550817902 -0.04381244284993026 -0.6337165167730079
0.9466728753731666 -0.03631104846307469 -0.6402873567148221
0.9458158263841927 -0.02880698515020213 -0.6468464428834484
0.9448891326747195 -0.021300785342077765 -0.6533936133664826
0.9438926208193327 -0.013792985058909727 -0.6599287050158564
0.9428261194499368 -0.006284123991994941 -0.6664515534339368
0.9416894593014715 0.0012252544135748003 -0.6729619929598532
0.9404824732608487 0.008734602875255557 -0.6794598566560611
0.9392049964191947 0.01624337018863567 -0.6859449762951406
0.9378568661274762 0.023751001142421065 -0.6924171823468327
0.9364379220555797 0.031256936432975474 -0.6988763039653095
0.9349480062549085 0.03876061257862384 -0.7053221689767064
0.9333869632245625 0.04626146183383703 -0.7117546038668823
0.9317546399811477 0.05375891210353133 -0.7181734337694391
0.9300508861322652 0.06125238685763215 -0.7245784824539889
0.9282755539537205 0.06874130504608016 -0.7309695723146759
0.9264284984704867 0.07622508101447985 -0.7373465243589484
0.9245095775414457 0.083703124420566 -0.7437091581965979
0.9225186519479325 0.0911748401516779 -0.750057292029043
0.9204555854860952 0.09863962824342315 -0.7563907426388797
0.9183202450630722 0.10609688379973183 -0.7627093253796895
0.9161125007969939 0.11354599691447811 -0.7690128541661061
0.9138322261207948 0.12098635259487207 -0.7753011414641454
0.9114792978898272 0.12841733068679828 -0.7815739982817881
0.9090535964932442 0.1358383058023241 -0.787831234159835
0.9065550059691372 0.14324864724951908 -0.7940726571630091
0.9039834141233773 0.15064771896482937 -0.8002980738713205
0.901338712652123 0.15803487944816225 -0.8065072893716922
0.8986207972679418 0.16540948170088823 -0.8127001072498324
0.895829567829482 0.17277087316694964 -0.8188763295823694
0.8929649284746352 0.1801183956772426 -0.8250357569292275
0.8900267877570996 0.18745138539751266 -0.8311781883262619
0.8870150587862808 0.1947691727798722 -0.837303421278129
0.8839296593704198 0.20207108251819755 -0.8434112517514039
0.8807705121628643 0.20935643350753347 -0.8495014741679302
0.8775375448113663 0.21662453880771176 -0.8555738813984106
0.8742306901102986 0.22387470561135406 -0.8616282647562126
0.8708498861556616 0.231106235216418 -0.8676644139914114
0.8673950765027537 0.2383184230034792 -0.8736821172850381
0.8638662103263663 0.24551055841789038 -0.879681161243545
0.8602632425833565 0.2526819249569919 -0.8856613308934702
0.8565861341774431 0.2598318001625304 -0.8916224096762987
0.8528348521260632 0.26695945561843 -0.8975641794435146
0.8490093697291224 0.27406415695406905 -0.9034864204518267
0.8451096667394546 0.2811451638532055 -0.9093889113585719
0.8411357295348165 0.28820173006867117 -0.9152714292172717
0.8370875512912087 0.2952331034429956 -0.9211337494733445
0.8329651321573419 0.3022385259350373 -0.9269756459599522
0.8287684794300217 0.3092172336527872 -0.9327968908939762
0.824497607730247 0.3161684568924192 -0.9385972548721117
0.8201525391798036 0.3230914201836936 -0.944376506867054
0.8157333035781046 0.3299853423418344 -0.9501344142237858
0.8112399385790667 0.33684943652592536 -0.9558707426559275
0.8066724898677594 0.3436829103039291 -0.9615852562421512
0.802031011336586 0.3504849657243911 -0.9672777174226344
0.7973155652607355 0.35725479939488824 -0.9729478869955409
0.7925262224726575 0.363991602567249 -0.9785955241135038
0.7876630625352622 0.3706945612296334 -0.984220386280108
0.7827261739136048 0.37736285620544857 -0.9898222293463316
0.777715654144759 0.38399566325913576 -0.9954008075069377
0.7726316100055866 0.3905921532088596 -1.0009558732968042
0.7674741576781339 0.3971514920460509 -1.0064871775871456
0.7622434229123473 0.40367284106181794 -1.0119944695816254
0.756939541185815 0.4101553569801806 -1.0174774968123246
0.7515626578602262 0.41659819209809884 -1.0229360051355472
0.7461129283342586 0.4230004944322176 -1.0283697387274227
0.7405905181925643 0.42936140787228394 -1.0337784400793029
0.7349956033505596 0.43568007234114137 -1.0391618499928965
0.7293283701947015 0.44195562396119564 -1.0445197075751336
0.7235890157179291 0.44818719522726347 -1.0498517502327216
0.7177777476499634 0.4543739151856582 -1.0551577136663537
0.7118947845821332 0.46051490961938907 -1.0604373318645548
0.7059403560864361 0.4666093012392877 -1.0656903370971127
0.6999147028284809 0.47265620988093743 -1.0709164599080665
0.6938180766740326 0.47865475270716135 -1.0761154291082207
0.6876507407888081 0.4846040444159203 -1.0812869717671367
0.6814129697312404 0.49050319745335497 -1.0864308132045715
0.6751050495378874 0.49635132223175377 -1.0915466769813125
0.668727277801159 0.5021475273522096 -1.0966342848893855
0.6622799637390965 0.5078909198316565 -1.1016933569415672
0.655763428256877 0.5135806053340217 -1.1067236113601762
0.6491780039997512 0.5192156884051874 -1.11172476456509
0.642524035397133 0.5247952727114297 -1.1166965311609414
0.6358018786975634 0.5303184612809879 -1.1216386239234348
0.6290119019942518 0.535784356748424 -1.1265507537847574
0.6221544852409558 0.5411920616013703 -1.1314326298180015
0.6152300202579215 0.5465406784292901 -1.136283959220562
0.6082389107276497 0.5518293101738133 -1.1411044472964524
0.6011815721802378 0.5570570603802414 -1.145893797437479
0.5940584319680813 0.562223033449749 -1.1506517111032113
0.586869929229721 0.5673263348918187 -1.1553778877996896
0.5796165148426223 0.5723660715764312 -1.1600720250568166
0.5722986513647205 0.5773413519854849 -1.1647338184043503
0.5649168129645374 0.5822512864629457 -1.1693629613464496
0.557471485339736 0.5870949874631601 -1.1739591453346923
0.5499631656239535 0.5918715697967935 -1.1785220597395014
0.5423923622818039 0.5965801508738025 -1.1830513918199084
0.5347595949919448 0.6012198509428517 -1.1875468266915734
0.5270653945181174 0.605789793326566 -1.1920080472930001
0.5193103025681066 0.6102891046519873 -1.1964347343498472
0.5114948716405815 0.6147169150755843 -1.200826566337274
0.503619664859782 0.6190723585021701 -1.2051832194402332
0.4956852557980714 0.6233545727970381 -1.2095043675116228
0.4876922282863927 0.6275626999906185 -1.2137896820282135
0.4796411762126432 0.6316958864749805 -1.2180388320442674
0.47153270330810937 0.635753283191409 -1.2222514841427532
0.46336742292201555 0.6397340458083719 -1.226427302384062
0.4551459577843686 0.6436373348890886 -1.230565948252138
0.446868939757231 0.6474623160479686 -1.2346670805979216
0.4385370095746514 0.651208160095129 -1.238730355580001
0.4301508165714669 0.6548740431682136 -1.2427554266023813
0.4217110184012423 0.6584591468507213 -1.2467419442492618
0.4132182807436476 0.6619626582760387 -1.2506895562167044
0.4046732770016137 0.6653837702163541 -1.2545979072411135
0.39607668798862333 0.6687216811556477 -1.2584666390243755
0.38742920160654976 0.6719755953459188 -1.2622953901555838
0.37873151251448955 0.6751447228458175 -1.2660837960292064
0.36998432178907864 0.6782282795408391 -1.2698314887595896
0.3611883365767956 0.6812254871442456 -1.2735380970916772
0.35234518500770534 0.6841351309202225 -1.2772031839024767
0.3434569779949076 0.6869557692259444 -1.280826413521827
0.3345244242893726 0.6896866501160971 -1.2844076209763007
0.32554827139253306 0.6923270204411068 -1.2879466134284805
0.3165293198419347 0.694876120907755 -1.2914431714521446
0.3074684201970535 0.6973331892353786 -1.294897051927054
0.2983664700907607 0.6996974630480265 -1.298307990778359
0.28922441135334587 0.7019681825145335 -1.3016757055650277
0.2800432272155251 0.7041445927484281 -1.3049998979216266
0.27082393959622736 0.706225945979591 -1.308280255857759
0.26156760648046257 0.7082115035095139 -1.3115164559194454
0.25227531939197495 0.7101005374620046 -1.3147081652166752
0.24294820096482844 0.7118923323411128 -1.317855043321357
0.23358740261760988 0.7135861864079847 -1.3209567440398156
0.22419410233327527 0.7151814128882932 -1.3240129170640014
0.21476950254724375 0.7166773410217714 -1.3270232095055052
0.20531482814573498 0.7180733169652831 -1.3299872673164406
0.19583132457586894 0.7193687045607114 -1.332904736601239
0.18632025606853644 0.7205628859787987 -1.3357752648233308
0.1767829039744752 0.721655262249904 -1.3385985019106719
0.16722056521359482 0.7226452536924222 -1.3413741012640146
0.15763455083701983 0.7235323002494076 -1.3441017206717831
0.14802618470087806 0.7243158617436976 -1.3467810231353667
0.1383968022504086 0.7249954180615554 -1.3494116776085967
0.12874774941249445 0.7255704692745824 -1.3519933596551128
0.11908038159430055 0.7260405357093203 -1.3545257520272977
0.1093960627852897 0.726405157973654 -1.357008545170365
0.0996961647594909 0.7266638969487583 -1.3594414376551758
0.08998206637447652 0.726816333754976 -1.3618241365432684
0.08025515296321566 0.726862069699617 -1.3641563576875488
0.07051681581456733 0.7268007262142688 -1.3664378259720211
0.06076845173789761 0.7266319447887845 -1.3686682754938797
0.05101146270698105 0.7263553869086744 -1.3708474496912397
0.04124725557812838 0.7259707340021827 -1.372975101419694
0.031477241877169874 0.7254776874028588 -1.3750509929808512
0.021702837649757296 0.7248759683329634 -1.3770748961059407
0.011925463369214 0.7241653179125594 -1.3790465918975057
0.0021465438960322357 0.7233454971986436 -1.3809658707321473
-0.007632491517064046 0.7224162872581765 -1.382832532127233
-0.01741020918066704 0.7213774892783499 -1.384646384574415
-0.027185170891102405 0.7202289247169317 -1.386407245342744
-0.03695593382605437 0.7189704354949981 -1.3881149402541233
-0.046721050419746196 0.7176018842338533 -1.3897693034337735
-0.05647906822405651 0.7161231545374146 -1.3913701770383387
-0.06622852976189635 0.7145341513208219 -1.3929174109642113
-0.0759679723791415 0.7128348011855169 -1.3944108625385943
-0.08569592810134302 0.7110250528405215 -1.3958503961957858
-0.09541092350130502 0.7091048775691456 -1.3972358831411038
-0.1051114795835066 0.7070742697398371 -1.39856720100486
-0.11479611169117444 0.7049332473594174 -1.3998442334887033
-0.12446332944163589 0.7026818526664368 -1.4010668700066629
-0.13411163669535386 0.7003201527619293 -1.402235005323147
-0.14373953156382374 0.697848240274368 -1.403348539190148
-0.15334550646121636 0.6952662340551915 -1.404407375985849
-0.16292804820440343 0.6925742799008145 -1.4054114243568276
-0.17248563816566023 0.6897725512966344 -1.4063605968659911
-0.18201675248200885 0.6868612501781273 -1.4072548096484065
-0.19151986232482038 0.6838406077037518 -1.408093982077113
-0.20099343423288787 0.6807108850340072 -1.4088780364410376
-0.21043593051182896 0.6774723741106362 -1.4096068976370948
-0.21984580970219117 0.6741253984296574 -1.4102804928785533
-0.22922152711827373 0.6706703138015779 -1.4108987514217446
-0.23856153545915348 0.6671075090918853 -1.4114616043131902
-0.24786428549298364 0.6634374069346308 -1.4119689841592211
-0.2571282268151316 0.6596604644117021 -1.4124208249201706
-0.2663518086802213 0.6557771736901636 -1.412817061731229
-0.2755334809076503 0.651788062609861 -1.413157630752065
-0.28467169485962623 0.6476936952133298 -1.413442469047326
-0.2937649044902415 0.643494672209917 -1.4136715145001553
-0.3028115674635754 0.6391916313659256 -1.4138447057608825
-0.31181014633829146 0.6347852478124993 -1.4139619822330685
-0.3207591098156096 0.6302762342629479 -1.4140232840991203
-0.3296569340470776 0.6256653411311482 -1.4140285523877154
-0.338502103997918 0.6209533565427162 -1.4139777290853164
-0.3472931148612913 0.6161411062306261 -1.4138707572940918
-0.3560284735182084 0.6112294533070607 -1.413707581438603
-0.36470670003734457 0.6062192979033293 -1.413488147523657
-0.3733263292084535 0.6011115766698303 -1.4132124034457838
-0.38188591210259937 0.595907262128161 -1.4128802993608267
-0.39038401765190883 0.5906073618676447 -1.4124917881102108
-0.39881923424105886 0.5852129175787382 -1.412046825708491
-0.4071901713022399 0.5797250039160005 -1.4115453718948545
-0.41549546090490713 0.5741447271835124 -1.4109873907512978
-0.42373375933114904 0.5684732238359238 -1.410372851390275
-0.4319037486271112 0.562711658788556 -1.409701728714668
-0.44000413812050104 0.5568612235302864 -1.408974004253006
-0.44803366589382004 0.5509231340332462 -1.4081896670729133
-0.4559911002025913 0.5448986284536946 -1.407348714775855
-0.4638752408275274 0.5387889646187528 -1.4064511545763057
-0.47168492034925114 0.5325954172940427 -1.4054970044685333
-0.4794190053338685 0.5263192752276282 -1.4044862944842833
-0.4870763974174207 0.5199618379660274 -1.4034190680446914
-0.4946560342769888 0.5135244124384125 -1.4022953834098517
-0.502156890475921 0.5070083093055585 -1.401115315229511
-0.5095779781704916 0.5004148390704 -1.399878956198456
-0.5169183476650037 0.4937453079475303 -1.3985864188202042
-0.5241770878021976 0.48700101348929686 -1.3972378372826937
-0.5313533261755703 0.4801832399666038 -1.3958333694497107
-0.5384462291500298 0.47329325350288826 -1.394373198971874
-0.5454550016771071 0.46633229696015915 -1.3928575375210328
-0.5523788868907205 0.4593015845763823 -1.3912866271519941
-0.5592171654692576 0.45220229635393056 -1.389660742795537
-0.5659691547495335 0.44503557219918594 -1.3879801948867165
-0.5726342075778673 0.4378025058138622 -1.3862453321324781
-0.579211710883267 0.43050413833900786 -1.3844565444226367
-0.5857010839573279 0.42314145175314183 -1.3826142658882912
-0.5921017764251267 0.4157153620263892 -1.3807189781117335
-0.5984132658908682 0.4082267120330714 -1.3787712134919163
-0.6046350552416098 0.4006762642256298 -1.376771558769528
-0.6107666695917473 0.39306469307341413 -1.3747206587156653
-0.6168076528502837 0.3853925772704478 -1.372619219988072
-0.6227575638921202 0.3776603917169621 -1.370468015158825
-0.6286159723137278 0.3698684992802167 -1.368267886917276
-0.6343824537524855 0.3620171423410175 -1.3660197524519462
-0.6400565847478685 0.3541064341331739 -1.363724608014951
-0.6456372742374878 0.3461394192945021 -1.3613816695190981
-0.6511230299488696 0.3381216953462236 -1.3589886224783474
-0.6565134124523364 0.3300546121415796 -1.356545748987862
-0.6618080147656975 0.3219394722568215 -1.3540533634903547
-0.66700644953652 0.31377758889475327 -1.3515117772096268
-0.6721083496870446 0.30557028458585167 -1.3489212986072672
-0.6771133689674256 0.297318889905117 -1.3462822338145473
-0.6820211824213506 0.2890247422082793 -1.3435948870400194
-0.6868314867681388 0.2806891843906565 -1.3408595609533105
-0.6915440007053908 0.2723135636717974 -1.338076557045595
-0.6961584651362934 0.2638992304087318 -1.3352461759672023
-0.7006746433256569 0.2554475369404349 -1.3323687178428179
-0.7050923209887289 0.2469598364659215 -1.329444482564733
-0.7094113063168368 0.2384374819580914 -1.3264737700645635
-0.7136314299438441 0.22988182511528085 -1.3234568805638842
-0.7177525448573847 0.2212942153522246 -1.3203941148041993
-0.7217745262587815 0.2126759988319471 -1.317285774256665
-0.7256972713754979 0.20402851753989096 -1.3141321613119916
-0.7295206992299244 0.1953531084013571 -1.3109335794509345
-0.7332447503682055 0.18665110244321653 -1.307690333395793
-0.736869386552767 0.1779238240005667 -1.3044027292433333
-0.7403945904221022 0.16917258996892034 -1.3010710745795482
-0.7438203651212996 0.1603987091022621 -1.2976956785766753
-0.7471467339066952 0.151603481357195 -1.2942768520729044
-0.7503737397279514 0.1427881972831985 -1.2908149076351778
-0.753501444790739 0.13395413745889223 -1.2873101596055447
-0.7565299301031159 0.12510257197404162 -1.2837629241314836
-0.7594592950085794 0.11623475995687181 -1.280173519180646
-0.7622896567086442 0.1073519491461828 -1.2765422645404776
-0.7650211497777065 0.09845537550754835 -1.2728694818031636
-0.7676539256728053 0.08954626289283771 -1.2691554943363843
-0.770188152240801 0.08062582274210593 -1.2654006272403369
-0.7726240132253345 0.07169525382686585 -1.2616052072915351
-0.7749617077758308 0.06275574203357999 -1.2577695628738714
-0.7772014499606638 0.05380846018616238 -1.2538940238974519
-0.7793434682864764 0.04485456790616374 -1.2499789217057342
-0.7813880052255169 0.03589521150923442 -1.2460245889714936
-0.7833353167527148 0.02693152393639095 -1.2420313595821766
-0.7851856718940938 0.017964624718514115 -1.2379995685151806
-0.7869393522879714 0.008995619972473941 -1.23392955170366
-0.7885966517602737 2.5602427180644624e-05 -1.2298216458934217
-0.7901578759151443 -0.008944348522158557 -1.2256761884915308
-0.7916233417419016 -0.017913166733390648 -1.2214935174072208
-0.7929933772392526 -0.02687979921217178 -1.2172739708857618
-0.7942683210575437 -0.03584320598403973 -1.213017887335906
-0.7954485221596869 -0.04480235994566261 -1.20872560515159
-0.7965343395012703 -0.05375624669721455 -1.2043974625285514
-0.7975261417302215 -0.06270386435783633 -1.2000337972765613
-0.7984243069062663 -0.07164422336612747 -1.1956349466279625
-0.7992292222402845 -0.08057634626766108 -1.1912012470432423
-0.7999412838535411 -0.08949926749149088 -1.186733034014365
-0.8005608965566344 -0.09841203311767202 -1.1822306418666093
-0.8010884736478773 -0.10731370063772716 -1.177694403559685
-0.8015244367307002 -0.11620333871006579 -1.1731246504888855
-0.8018692155495365 -0.12508002691231224 -1.1685217122870866
-0.8021232478435318 -0.1339428554924715 -1.1638859166283726
-0.8022869792172866 -0.14279092512086877 -1.159217589034134
-0.8023608630277339 -0.1516233466447334 -1.154517052682447
-0.8023453602861234 -0.16043924084733596 -1.1497846282215838
-0.8022409395739731 -0.16923773821344273 -1.145020633588525
-0.8020480769717372 -0.1780179787029225 -1.1402253838333263
-0.8017672559988159 -0.18677911153423235 -1.1353991909502348
-0.8013989675634382 -0.19552029497948034 -1.1305423637164462
-0.8009437099208289 -0.2042406961727024 -1.1256552075394115
-0.8004019886379699 -0.2129394909329696 -1.1207380243136054
-0.7997743165631682 -0.22161586360381194 -1.1157911122876965
-0.7990612137985315 -0.23026900691047467 -1.1108147659430556
-0.7982632076733724 -0.23889812183636422 -1.105809275884546
-0.7973808327164472 -0.2475024175200565 -1.1007749287445692
-0.7964146306248636 -0.25608111117409826 -1.0957120071013207
-0.7953651502273915 -0.2646334280267785 -1.0906207894122593
-0.7942329474398232 -0.27315860128802083 -1.0855015499637448
-0.7930185852099619 -0.28165587214035814 -1.0803545588378742
-0.7917226334497207 -0.29012448975596694 -1.0751800818975006
-0.7903456689517543 -0.2985637113405854 -1.0699783807904524
-0.7888882752879551 -0.3069728022051058 -1.0647497129739751
-0.7873510426871035 -0.31535103586545776 -1.059494331760418
-0.7857345678888593 -0.323697694171412 -1.0542124863852043
-0.7840394539712595 -0.3320120674647328 -1.048904422098111
-0.782266310148804 -0.3402934547670649 -1.043570380278917
-0.7804157515381542 -0.34854116399784796 -1.0382105985784642
-0.7784883988884419 -0.35675451222240423 -1.032825311086177
-0.776484878273115 -0.36493282593027876 -1.0274147485251062
-0.774405820740212 -0.373075441343787 -1.0219791384755699
-0.7722518619179282 -0.3811817047566318 -1.0165187056284233
-0.7700236415722717 -0.3892509729023304 -1.01103367206907
-0.7677218031136237 -0.3972826133520736 -1.0055242575932481
-0.765346993048928 -0.4052760049415731 -0.9999906800556936
-0.7628998603762716 -0.4132305382262804 -0.9944331557527313
-0.7603810559185581 -0.4211456159642882 -0.988851899839888
-0.7577912315929609 -0.42902065362612374 -0.9832471267856056
-0.7551310396128621 -0.43685507993047856 -0.9776190508621103
-0.7524011316189295 -0.4446483374048616 -0.9719678866745478
-0.7496021577360168 -0.4523998829700037 -0.9662938497294385
-0.746734765552542 -0.4601091885467599 -0.9605971570435388
-0.743799599019018 -0.4677757416841109 -0.9548780277941844
-0.7407972972623931 -0.4753990462067864 -0.9491366840121845
-0.7377284933128976 -0.48297862288084636 -0.9433733513183488
-0.7345938127400624 -0.4905140100955293 -0.937588259704698
-0.7313938721946257 -0.49800476455946097 -0.9317816443614405
-0.7281292778530172 -0.5054504620092785 -0.9259537465507671
-0.7248006237611767 -0.5128506979285168 -0.9201048145285238
-0.7214084900744295 -0.5202050882745501 -0.914235104514805
-0.717953441190198 -0.5275132702111948 -0.9083448817145258
-0.7144360237703242 -0.5347749028444789 -0.9024344213890045
-0.7108567646498316 -0.5419896679589075 -0.8965040099795808
-0.7072161686289349 -0.5491572707514423 -0.8905539462843047
-0.7035147161451727 -0.5562774405602231 -0.884584542688701
-0.6997528608225256 -0.5633499315849272 -0.8785961264516224
-0.6959310268944271 -0.5703745235954722 -0.8725890410471727
-0.6920496064975804 -0.577351022625594 -0.8665636475636973
-0.68810895683355 -0.5842792616476057 -0.8605203261607998
-0.6841093971950454 -0.5911591012245148 -0.8544594775853463
-0.6800512058539372 -0.5979904301353179 -0.8483815247474065
-0.6759346168079494 -0.6047731659692042 -0.8422869143570403
-0.6717606118761189 -0.6115065715456927 -0.8361755635947635
-0.6675308948295701 -0.6181893257141687 -0.8300468951115831
-0.6632460788568971 -0.6248210808352841 -0.8239011004356724
-0.6589067591525914 -0.6314015107592291 -0.8177383810339149
-0.6545135294030051 -0.6379302962596032 -0.8115589367200795
-0.6500669817436505 -0.6444071249037642 -0.8053629656743965
-0.6455677067200262 -0.6508316909250315 -0.7991506644629923
-0.6410162932518038 -0.6572036950968312 -0.7929222280571752
-0.6364133286002691 -0.6635228446088011 -0.7866778498525835
-0.6317593983388511 -0.669788852944931 -0.780417721688191
-0.6270550863266148 -0.6760014397637745 -0.7741420338651707
-0.622300974684593 -0.6821603307807526 -0.7678509751656236
-0.6174976437748204 -0.6882652576525923 -0.7615447328711713
-0.6126456721819309 -0.6943159578639346 -0.7552234927814072
-0.6077456366972275 -0.7003121746161026 -0.7488874392322172
-0.6027981123050427 -0.7062536567180958 -0.7425367551139681
-0.5978036721713393 -0.7121401584797684 -0.7361716218895485
-0.5927628876343574 -0.7179714396072582 -0.7297922196122931
-0.5876763281972678 -0.7237472651006112 -0.7233987269437591
-0.5825445615226605 -0.7294674051536516 -0.7169913211713781
-0.5773681534287747 -0.7351316350560797 -0.7105701782259705
-0.572147667887384 -0.7407397350977754 -0.7041354726991254
-0.5668836670232114 -0.7462914904753153 -0.6976873778604546
-0.5615767111147554 -0.7517866912007044 -0.6912260656747008
-0.556227358596483 -0.7572251320122642 -0.6847517068187229
-0.5508361660622321 -0.7626066122877079 -0.6782644706983456
-0.5454036882697865 -0.7679309359593378 -0.671764525465074
-0.5399304781464744 -0.7731979114313899 -0.6652520380326729
-0.5344170867957694 -0.7784073514994462 -0.6587271740936178
-0.5288640635047628 -0.7835590732719269 -0.6521900981354112
-0.523271955752436 -0.7886528980936246 -0.6456409734567584
-0.5176413092186865 -0.7936886514712244 -0.6390799621836175
-0.5119726677939848 -0.7986661630008121 -0.6325072252851202
-0.5062665735896362 -0.8035852662973074 -0.6259229225893391
-0.5005235669485589 -0.8084457989257917 -0.619327212798953
-0.4947441864565089 -0.8132476023347041 -0.6127202535067443
-0.4889289689537169 -0.8179905217908396 -0.6061022012110009
-0.48307844954683554 -0.8226744063161474 -0.5994732113307473
-0.4771931616212052 -0.8272991086262338 -0.5928334382208797
-0.4712736368533241 -0.8318644850705773 -0.5861830351871488
-0.4653204052234993 -0.8363703955743924 -0.5795221545010087
-0.45933399502867633 -0.840816703582067 -0.5728509474143602
-0.45331493289529123 -0.8452032760022028 -0.5661695641741326
-0.4472637437922674 -0.8495299831541125 -0.559478154036771
-0.44118095104396055 -0.8537966987158259 -0.5527768652825611
-0.4350670763431354 -0.8580032996734833 -0.5460658452298632
-0.4289226397638764 -0.8621496662721168 -0.5393452402491957
-0.4227481597744433 -0.866235681967746 -0.5326151957771978
-0.41654415325002236 -0.8702612333807535 -0.5258758563304903
-0.41031113548536113 -0.8742262102504932 -0.5191273655193834
-0.40404962020729085 -0.8781305053910691 -0.5123698660614991
-0.3977601195870514 -0.8819740146482746 -0.5056034997952429
-0.39144314425251 -0.8857566368575951 -0.4988284076931909
-0.38509920330014685 -0.8894782738032827 -0.49204472987534165
-0.37872880430689193 -0.8931388301784191 -0.4852526056222558
-0.3723324533417736 -0.8967382135459292 -0.4784521733881097
-0.3659106549773376 -0.9002763343005322 -0.47164357081360603
-0.3594639123009096 -0.9037531056315398 -0.46482693473881626
-0.35299272692564665 -0.9071684434864987 -0.45800240121588515
-0.3464975990013942 -0.910522266535619 -0.4511701055216676
-0.33997902722535905 -0.9138144961369551 -0.44433018217024706
-0.33343750885260587 -0.9170450563022978 -0.4374827649253577
-0.326873539706388 -0.9202138736637357 -0.43062798681274067
-0.3202876141883202 -0.9233208774408634 -0.4237659801323742
-0.3136802252883964 -0.9263659994085888 -0.416896876470657
-0.3070518645948844 -0.9293491738655165 -0.41002080671247243
-0.3004030223041306 -0.9322703376028582 -0.40313790105320896
-0.29373418723023526 -0.9351294298738652 -0.39624828901068054
-0.2870458468146699 -0.9379263923637362 -0.3893520994369786
-0.28033848713586407 -0.9406611691599694 -0.38244946053027384
-0.2736125929187286 -0.9433337067231541 -0.3755404998465256
-0.266868647544215 -0.9459439538581508 -0.36862534431116
-0.2601071330588531 -0.9484918616856673 -0.3617041202306717
-0.2533285301843841 -0.9509773836141803 -0.35477695330417336
-0.246533318327452 -0.9534004753122022 -0.34784396863491784
-0.23972197558938724 -0.9557610946808794 -0.34090529074174386
-0.23289497877617338 -0.9580592018268851 -0.33396104357051876
-0.22605280340853387 -0.9602947590356221 -0.3270113505055094
-0.21919592373226726 -0.9624677307446969 -0.3200563343807562
-0.21232481272878218 -0.9645780835176799 -0.31309611749140026
-0.2054399421259275 -0.9666257860181258 -0.3061308216049856
-0.19854178240912845 -0.9686108089838552 -0.2991605679727727
-0.19163080283281764 -0.9705331252015061 -0.2921854773410014
-0.18470747143232685 -0.9723927094813243 -0.2852056699621882
-0.17777225503609165 -0.9741895386322308 -0.27822126560638094
-0.17082561927838003 -0.9759235914371366 -0.2712323835724555
-0.16386802861246658 -0.9775948486285289 -0.264239142699393
-0.15689994632433332 -0.9792032928643303 -0.25724166137757637
-0.14992183454693178 -0.9807489087040366 -0.25024005756012496
-0.14293415427502953 -0.9822316825851513 -0.24323444877421949
-0.13593736538070966 -0.9836516027999199 -0.23622495213249448
-0.12893192662949107 -0.9850086594723952 -0.22921168434442724
-0.1219182956971929 -0.9863028445358316 -0.22219476172780508
-0.11489692918753489 -0.987534151710441 -0.2151743002202099
-0.10786828265045664 -0.9887025764815349 -0.20815041539055928
-0.10083281060132439 -0.989808116078059 -0.2011232224507265
-0.09379096654090285 -0.9908507694515674 -0.1940928362671856
-0.08674320297625913 -0.9918305372556473 -0.18705937137276643
-0.07968997144253083 -0.9927474218258365 -0.18002294197844038
-0.0726317225256676 -0.9936014271600556 -0.17298366198522708
-0.06556890588611171 -0.9943925588995979 -0.16594164499616007
-0.05850197028349361 -0.9951208243107061 -0.15889700432834025
-0.05143136360235784 -0.9957862322667775 -0.1518498530251155
-0.044357532878923474 -0.9963887932312394 -0.14480030386832207
-0.037280924328965896 -0.9969285192411287 -0.13774846939067656
-0.030201983376746806 -0.9974054238914317 -0.1306944618882397
-0.02312115468513376 -0.9978195223202192 -0.12363839343303637
-0.016038882186832918 -0.9981708311946305 -0.1165803758857808
-0.008955609116798852 -0.998459368697754 -0.10952052090872542
-0.0018717780458588995 -0.9986851545164565 -0.1024589399786788
0.00521216908449379 -0.998848209830213 -0.09539574440012329
0.012295790926044376 -0.9989485573009941 -0.08833104531851924
0.019378646686583553 -0.9989862210642646 -0.08126495373374085
0.026460296091402068 -0.998961226721155 -0.07419758051366741
0.0335402993434783 -0.9988736013318623 -0.06712903640796597
0.04061821708247145 -0.9987233734103446 -0.06005943206200745
0.0476936103423617 -0.9985105729203697 -0.05298887803099838
0.05476604050790396 -0.9982352312729845 -0.04591748479425286
0.06183506926974832 -0.9978973813254689 -0.03884536276968977
0.06890025857828865 -0.9974970573818439 -0.031772622328497285
0.07596117059631007 -0.9970342951949982 -0.024699373809994492
0.08301736765028203 -0.9965091319705094 -0.017625727536719794
0.09006841218047207 -0.9959216063722247 -0.010551793829689909
0.09711386668979982 -0.9952717585296753 -0.0034776830239143393
0.10415329369146639 -0.9945596300473987 0.00359649451591808
0.11118625565535886 -0.993785264016245 0.010670628379483335
0.11821231495332024 -0.9929487050267343 0.017744608094674454
0.1252310338032161 -0.9920499991845495 0.02481832311121223
0.1322419742118804 -0.991089194128239 0.031891662783996536
0.13924469791696623 -0.9900663390492042 0.03896451635625537
0.14623876632770882 -0.9889814847140528 0.04603677294240419
0.15322374046468218 -0.9878346834893937 0.05310832151069605
0.16019918089853621 -0.9866259893691568 0.060179050865579106
0.1671646476877869 -0.9853554580045135 0.0672488496298175
0.17411970031573099 -0.9840231467364761 0.07431760622635232
0.18106389762645317 -0.9826291146312663 0.0813852088598655
0.1879967977600978 -0.9811734225185156 0.08845154549811297
0.19491795808733567 -0.9796561330323981 0.0955165038529408
0.20182693514319341 -0.9780773106557559 0.10257997136106332
0.20872328456024472 -0.9764370217673141 0.10964183516451854
0.21560656100125333 -0.974735334692053 0.1167019820908668
0.22247631809135807 -0.9729723197548193 0.12376029863309697
0.22933210834981868 -0.9711480493372657 0.1308166709292147
0.2361734831214891 -0.9692625979381754 0.13787098474157394
0.2429999925080105 -0.967316042237273 0.1449231254358709
0.24981118529889837 -0.9653084611625763 0.15197297795987605
0.2566066089025279 -0.9632399359613867 0.15902042682182324
0.2633858092771827 -0.9611105502749736 0.16606535606851933
0.2701483308622718 -0.958920390217027 0.1731076492631454
0.27689371650972405 -0.9566695444559752 0.1801471894627212
0.28362150741580294 -0.9543581043011982 0.18718385919529573
0.29033124305333524 -0.9519861637932437 0.19421754043678216
0.2970224611045648 -0.9495538197980827 0.20124811458751662
0.30369469739467286 -0.9470611721054916 0.20827546244846534
0.31034748582615557 -0.9445083235316095 0.21529946419712911
0.3169803574798059 -0.941895379994099 0.22232000465766819
0.32359285054926307 -0.9392224438418887 0.22933702759975427
0.33018454632242794 -0.9364896069860168 0.23635042946462573
0.3367550295335741 -0.9336969621173288 0.24336008725107883
0.34330388092830627 -0.930844604165744 0.25036587814702443
0.349830677451424 -0.9279326303682719 0.2573676794914077
0.3563349924294824 -0.9249611403315641 0.2643653687366273
0.362816395748024 -0.9219302360892563 0.2713588234115214
0.36927445402338804 -0.9188400221543823 0.2783479210848392
0.3757087307691064 -0.915690605567101 0.2853325393292738
0.38211878655676934 -0.9124820959380325 0.29231255568598086
0.38850417917142654 -0.9092146054874172 0.299287847629645
0.3948644637614598 -0.9058882490803737 0.30625829253406217
0.4011991929828812 -0.9025031442585201 0.31322376763821685
0.40750791713814727 -0.8990594112681634 0.3201841500129096
0.4137901843093702 -0.8955571730853583 0.32713931652786105
0.420045540486073 -0.8919965554380096 0.3340891438193629
0.4262735296873538 -0.8883776868253311 0.34103350825840245
0.4324736940786329 -0.884700698534822 0.34797228591931906
0.4386455740829137 -0.8809657246570353 0.3549053525489623
0.44478870848662383 -0.8771729020983592 0.36183258353632824
0.4509026345400957 -0.8733223705920166 0.368753853882729
0.4569868880527189 -0.8694142727075186 0.375669038172422
0.4630410034828232 -0.865448753858779 0.38257801054376733
0.469064514022379 -0.8614259623110934 0.38948064466084137
0.4750569516765367 -0.8573460491872098 0.3963768136855594
0.4810178473381325 -0.8532091684726645 0.4032663902502828
0.48694673085720236 -0.8490154770206065 0.4101492464308827
0.492843131105617 -0.8447651345562792 0.41702525372031374
0.4987065760369078 -0.8404583036813699 0.42389428300262816
0.5045365927413925 -0.8360951498783936 0.4307562045274932
0.5103327074967028 -0.831675841515298 0.437610887885142
0.5160944458138094 -0.8272005498504645 0.44445820198181124
0.521821332478693 -0.8226694490382501 0.45129801501563677
0.5275128915896973 -0.818082716135291 0.45813019445297987
0.5331686465908011 -0.8134405311076421 0.4649546070052447
0.5387881203008086 -0.8087430768389973 0.4717711186061022
0.5443708349386961 -0.8039905391400543 0.47857959438919595
0.549916312145172 -0.7991831067592322 0.48537989866625186
0.5554240730006359 -0.794320971394832 0.49217189490565094
0.5608936380396453 -0.7894043277087979 0.4989554457114272
0.5663245272620473 -0.7844333733422028 0.5057304128026751
0.5717162601409331 -0.7794083089325577 0.5124966569934115
0.5770683556275485 -0.7743293381330848 0.5192540381728231
0.582380332153321 -0.769196667634048 0.5260024152859507
0.5876517076291726 -0.764010507186237 0.5327416463147825
0.5928819994422497 -0.758771069626729 0.5394715882597333
0.5980707244502617 -0.7534785709069827 0.5461920971215539
0.6032173989735787 -0.748133230123376 0.5529030278836033
0.6083215387852549 -0.7427352695502496 0.5596042344945498
0.6133826590991527 -0.7372849146755386 0.5662955698514215
0.6184002745563235 -0.7317823942390586 0.5729768857830648
0.6233738992098435 -0.7262279402734899 0.5796480330339793
0.6283030465082531 -0.7206217881481379 0.5863088612484998
0.6331872292777863 -0.7149641766154964 0.5929592189553862
0.6380259597035682 -0.7092553478606686 0.5995989535527323
0.6428187493099536 -0.7034955475536686 0.6062279112932727
0.6475651089401833 -0.6976850249046483 0.6128459372700084
0.6522645487355431 -0.691824032722054 0.6194528754021981
0.656916578114218 -0.6859128274737193 0.6260485684216978
0.661520705749963 -0.6799516693509673 0.6326328578596079
0.6660764395508574 -0.6739408223356247 0.6392055840332901
0.6705832866382502 -0.6678805542700328 0.6457665860336719
0.6750407533261203 -0.6617711369299832 0.6523157017129094
0.6794483451009837 -0.6556128461006259 0.6588527676723278
0.6838055666025936 -0.6494059616552462 0.6653776192506958
0.6881119216055502 -0.6431507676369443 0.6718900905128051
0.6923669130020025 -0.6368475523431886 0.6783900142383208
0.6965700427856765 -0.6304966084131163 0.6848772219109598
0.7007208120373176 -0.6240982329176487 0.691351543707919
0.7048187209117844 -0.6176527274522751 0.6978128084896171
0.7088632686269366 -0.6111603982324919 0.7042608437896782
0.712853953454485 -0.6046215561918171 0.7106954758052036
0.7167902727129851 -0.5980365170822943 0.7171165293873045
0.7206717227631095 -0.5914056015774458 0.7235238280318657
0.7244977990054038 -0.5847291353775228 0.7299171938705923
0.7282679958806283 -0.5780074493170466 0.7362964476622577
0.7319818068728968 -0.5712408794744529 0.7426614087842256
0.7356387245157241 -0.5644297672838101 0.7490118952241616
0.7392382404011404 -0.557574459648467 0.7553477235719872
0.7427798451920459 -0.5506753090564896 0.7616687090120481
0.7462630286378881 -0.543732673697845 0.7679746653154632
0.7496872795938598 -0.5367469175831109 0.7742654048327019
0.7530520860437144 -0.5297184106636447 0.7805407384863203
0.7563569351263371 -0.5226475289530369 0.7868004757639092
0.7596013131661876 -0.5155346546497436 0.7930444247111836
0.76278470570775 -0.5083801762606994 0.7992723919252595
0.7659065975540899 -0.5011844887257872 0.8054841825480844
0.7689664728096185 -0.4939479935430223 0.811679600259996
0.7719638149271975 -0.48667109889422583 0.8178584472734487
0.7748981067596354 -0.47935421977110365 0.8240205243268377
0.7777688306157123 -0.4719977781014702 0.8301656306784633
0.7805754683207854 -0.4646022028754961 0.8362935641006043
0.7833175012820669 -0.45716793027178043 0.8424041208736709
0.7859944105586386 -0.4496954037830529 0.8484970957804753
0.7886056769362705 -0.4421850743413348 0.8545722821005484
0.7911507810071089 -0.4346374004423191 0.860629471604557
0.7936292032542617 -0.42705284826883855 0.8666684545487464
0.7960404241413446 -0.4194318918131564 0.8726890196694466
0.7983839242070144 -0.41177501299789815 0.8786909541776086
0.8006591841645108 -0.4040827017954317 0.8846740437533459
0.8028656850062268 -0.3963554563454553 0.8906380725405088
0.8050029081133245 -0.3885937830706005 0.8965828231412187
0.8070703353703929 -0.38079819678979693 0.902508076610422
0.8090674492851245 -0.3729692208292517 0.9084136124503713
0.8109937331130195 -0.36510738713074015 0.9142992086050874
0.8128486709870762 -0.35721323635702146 0.9201646414547489
0.8146317480524298 -0.3492873179941732 0.9260096858099915
0.8163424506058986 -0.34133019045058083 0.9318341149061375
0.8179802662403742 -0.3333424211524082 0.9376377003972848
0.8195446839940167 -0.3253245866352192 0.9434202123502996
0.8210351945041263 -0.3172772726316913 0.9491814192386341
0.8224512901656696 -0.3092010741550027 0.9549210879359987
0.8237924652943082 -0.30109659557781615 0.9606389837098538
0.8250582162938512 -0.2929644507065708 0.9663348702146805
0.8262480418280116 -0.2848052628508391 0.9720085094850575
0.8273614429963213 -0.2766196648875952 0.9776596619284637
0.828397923514082 -0.2684082993200871 0.9832880863178516
0.8293569898961882 -0.2601718183311763 0.9888935397839007
0.8302381516446622 -0.251910883830875 0.9944757778069857
0.8310409214397242 -0.243626167497892 1.0000345542088096
0.8317648153342189 -0.2353183508149815 1.0055696211436587
0.8324093529511851 -0.2269881250978723 1.011080729089309
0.8329740576843726 -0.21863619151762104 1.01656762683749
0.83345845690148 -0.21026326111612362 1.0220300614839402
0.8338620821498728 -0.20187005481468748 1.0274677784179784
0.8341844693645473 -0.1934573034154136 1.03288052131159
0.8344251590780777 -0.185025747595217 1.0382680321080022
0.8345836966322717 -0.1765761378924027 1.0436300510096777
0.8346596323912678 -0.16810923468549008 1.048966316465753
0.8346525219557659 -0.1596258081642931 1.0542765651588317
0.834561926378099 -0.15112663829298736 1.0595605319911403
0.8343874123778195 -0.14261251476511042 1.0648179500699972
0.834128552557485 -0.1340842369503451 1.0700485506925352
0.8337849256182932 -0.12554261383294796 1.0752520633296896
0.833356116575221 -0.11698846394180372 1.0804282156093556
0.8328417169713094 -0.1084226152718899 1.0855767332987294
0.8322413250907165 -0.09984590519722192 1.0906973402857383
0.8315545461701609 -0.09125918037508846 1.0957897585595604
0.8307809926083584 -0.08266329664160277 1.1008537081901724
0.8299202841730547 -0.07405911889852818 1.1058889073068592
0.828972048205235 -0.06544752099130893 1.1108950720756838
0.8279359198200936 -0.05682938557838309 1.1158719166758144
0.8268115421043281 -0.04820560399168685 1.1208191532747105
0.8255985663093203 -0.03957707608851007 1.1257364920020656
0.824296652039757 -0.030944710094609543 1.1306236409224928
0.8229054674372258 -0.022309422438750934 1.1354803060068814
0.8214246893583382 -0.013672137578712941 1.1403061911023482
0.8198540035468876 -0.005033787818879351 1.1451009979007694
0.8181931047995881 0.0036046868804746135 1.1498644259057744
0.8164416971248886 0.01224233910205519 1.1545961723981975
0.8145994938943948 0.020878214178384348 1.1592959323998637
0.8126662179863882 0.02951135040645445 1.163963398635692
0.8106416019209538 0.03814077926996916 1.1685982614940162
0.8085253879862208 0.04676552566891696 1.1732002089850495
0.8063173283551969 0.055384608156253214 1.17776892669745
0.8040171851927126 0.06399703918138315 1.1823040977528647
0.801624730751947 0.0726018253401624 1.186805402758422
0.7991397474600508 0.08119796763103121 1.1912725197570473
0.7965620279923443 0.08978446171697824 1.1957051241755488
0.7938913753345885 0.09836029819292409 1.200102888770383
0.7911276028328417 0.10692446285808226 1.2044654835709858
0.7882705342303785 0.11547593699290695 1.2087925758206224
0.7853200036912051 0.12401369764009612 1.213083829914613
0.7822758558096535 0.13253671788920623 1.2173389073358842
0.7791379456055975 0.1410439671643056 1.2215574665877056
0.7759061385048008 0.14953441151411306 1.2257391631235361
0.7725803103039295 0.1580070139040622 1.229883649273874
0.7691603471197915 0.16646073450960364 1.233990574169973
0.7656461453223243 0.17489453101018737 1.2380595836643609
0.762037611450942 0.18330735888311298 1.2420903202479934
0.75833466211377 0.19169817169668177 1.246082422963977
0.7545372238694201 0.20006592140173246 1.250035527317691
0.7506452330908658 0.20840955862093638 1.2539492651832227
0.7466586358110749 0.2167280329349368 1.257823264705972
0.7425775282407703 0.22501981146361733 1.261657162624944
0.7384021514016222 0.23328285963840298 1.2654507026421615
0.7341325035949241 0.2415160032542996 1.2692036674033336
0.7297686031122703 0.24971807359287299 1.2729158175348916
0.7253104949657144 0.25788788562267195 1.2765868937783407
0.7207582505692561 0.26602423964592287 1.2802166194158768
0.7161119673990108 0.27412592284472376 1.2838047025501138
0.7113717686374047 0.28219171073011273 1.2873508382424785
0.7065378028063848 0.2902203684976584 1.2908547105148735
0.7016102433944486 0.29821065229321714 1.2943159942190883
0.6965892884819348 0.30616131039278294 1.2977343567784678
0.6914751603687708 0.31407108430042213 1.3011094598062682
0.6862681052086133 0.3219387097683379 1.3044409606050826
0.6809683926529554 0.32976291774333727 1.3077285135517254
0.6755763155085729 0.33754243524392485 1.3109717713718505
0.6700921894112855 0.3452759861724533 1.3141703863086092
0.6645163525188215 0.35296229206667495 1.3173240111895335
0.6588491652251687 0.3606000727952317 1.3204323003958545
0.6530910098985688 0.36818804720153653 1.3234949107383627
0.647242290645008 0.3757249337005316 1.3265115022438878
0.6413034330986732 0.3832094508329194 1.329481738856443
0.6352748842407012 0.390640317781217 1.3324052890569797
0.6291571122470498 0.39801625485225195 1.3352818264057074
0.6229506063662453 0.40533598393034315 1.3381110300108103
0.61665587682726 0.4125982289056516 1.3408925849274023
0.61027345477765 0.4198017160818657 1.3436261824904605
0.6038038922517275 0.426945174567417 1.3463115205854284
0.5972477621682282 0.4340273366543249 1.3489483038601544
0.5906056583568006 0.44104693818850527 1.351536243881717
0.5838781956122061 0.44800271893542737 1.3540750592416932
0.5770660097750265 0.4548934229446765 1.3565644756133115
0.5701697578373173 0.4617177989169253 1.3590042257639154
0.5631901180714848 0.46847460057655965 1.3613940495260877
0.5561277901804119 0.4751625870530471 1.3637336937307185
0.5489834954666242 0.48178052327392945 1.3660229121052776
0.5417579770181815 0.4883271803720264 1.3682614651404517
0.5344519999086321 0.49480133610935284 1.3704491199282998
0.5270663514084164 0.5012017753197906 1.3725856499749807
0.5196018412047263 0.5075272903725254 1.3746708349910979
0.5120593016268334 0.5137766816578426 1.3767044606626295
0.5044395878737531 0.5199487580966273 1.3786863184053624
0.49674357824091936 0.5260423376747054 1.380616205105733
0.4889721743425736 0.5320562480027708 1.3824939228508886
0.48112630132639345 0.5379893269024271 1.3843192786507856
0.4732069080768717 0.5438404230185455 1.3860920841550701
0.46521496740396406 0.5496083964577971 1.3878121553674583
0.45715147621337154 0.5552921194530046 1.3894793123603175
0.4490174556549774 0.5608904770525426 1.3910933789920814
0.4408139512458386 0.5664023678337862 1.3926541826301484
0.4325420329642668 0.5718267046392471 1.3941615538818424
0.4242027953115152 0.5771624153337503 1.3956153263360334
0.4157973573376695 0.5824084435807128 1.3970153363179691
0.407326862628496 0.5875637496352196 1.3983614226598606
0.3987924792499769 0.5926273111513864 1.3996534264897644
0.3901953996475384 0.5975981240011031 1.4008911910412742
0.38153684049696013 0.6024752031010645 1.4020745614865544
0.3728180425042724 0.6072575832446144 1.403203384795223
0.36404027015196205 0.61194431993476 1.4042775096216142
0.3552048113891296 0.6165344902143579 1.4052967862229455
0.34631297726337323 0.6210271934892866 1.4062610664109259
0.33736610149237034 0.6254215523401672 1.4071702035393658
0.32836553997349077 0.6297167133179182 1.408024052530349
0.3193126702297812 0.6339118477183237 1.408822469941572
0.3102088907912177 0.6380061523304531 1.4095653140774613
0.3010556205100948 0.6419988501537236 1.410252445146724
0.29185429780991085 0.6458891910781236 1.4108837254690139
0.28260637986728276 0.6496764525220168 1.411459019733434
0.27331334172672717 0.6533599400217974 1.411978195311645
0.2639766753484939 0.6569389877675289 1.412441122628381
0.2545978885898356 0.660412959078635 1.4128476755922401
0.2451785041205381 0.6637812468135693 1.4131977320896585
0.23572005827370585 0.6670432737073823 1.4134911745450398
0.22622409983317635 0.6701984926310137 1.4137278905500676
0.21669218875929938 0.6732463867661003 1.4139077735652985
0.20712589485492 0.6761864696891295 1.414030723697191
0.19752679637400572 0.67901828535868 1.4140966485538111
0.18789647857532898 0.681741407999607 1.4141054641825048
0.1782365322242319 0.6843554418779693 1.4140570960929262
0.16854855204549457 0.6868600209606275 1.4139514803688755
0.15883413513082004 0.6892548084534487 1.4137885648724764
0.14909487930464757 0.6915394962121496 1.4135683105443175
0.13933238145222507 0.693713804019914 1.4132906928032491
0.12954823581425579 0.6957774787259949 1.4129557030496203
0.1197440322524856 0.6977302932396625 1.4125633502758173
0.1099213544911113 0.6995720453739317 1.4121136627880533
0.1000817783388232 0.7013025565336936 1.411606690043433
0.09022686989673846 0.7029216702429647 1.4110425046064032
0.08035818375763548 0.7044292505061351 1.4104212042287776
0.07047726120202481 0.7058251799982524 1.4097429140575897
0.06058562839694702 0.7071093580795071 1.4090077889751134
0.05068479460342908 0.7082816986292662 1.4082160160754453
0.040776250398854734 0.7093421276951349 1.4073678172821045
0.030861465920637186 0.7102905809526918 1.4064634521111692
0.02094188913773916 0.711127000971693 1.405503220584497
0.01101894415692643 0.7118513342846814 1.4044874662976317
0.0010940295706513916 0.7124635282540939 1.403416579647008
-0.008831483146118197 0.7129635277340826 1.4022910012210903
-0.01875625118271367 0.7133512715234098 1.4011112253600788
-0.0286789618755343 0.7136266886058938 1.399877803888794
-0.038598334118688384 0.7137896941750015 1.398591350027334
-0.048513119694325244 0.7138401854392926 1.3972525424840285
